URL,Timestamp,Author,Title,Story,Upvotes,Comment Count,Author Submissions,Author Comments,Word Count,Unique Word Count,Character Count,Sentiment
https://www.reddit.com/r/confession/comments/1i3oqiz/todays_my_28_birthday_and_i_am_going_to_end_it/,1737142681.0,Radyoz,Today‚Äôs my 28 birthday and I am going to end it tomorrow ,"Hi I am 28 M and it‚Äôs 12:25am, I didn‚Äôt got a single call, I have tickets for Coldplay concert for 26 Jan, my favourite band and I don‚Äôt want to attend it cause I have 3 extra tickets but not even a single friend agreed to go to that concert with me, and I booked those in hope that someone will come, seats are block b lower ww 100- ww103, if you find all those seats empty understand that I am gone! And it‚Äôs not because I didn‚Äôt want to attend that concert, I really wanted that, but not even one of my friend agreed, it‚Äôs not about the concert only, I am a person who lives alone and my family lives in a different town, I see people on their birthday getting tagged in shit ton of stories or post, but no one ever tags me, i didn‚Äôt even got a call from my family I had a friend who used to call it at exactly 12 but today I didn‚Äôt even get that call, I asked my office colleagues to celebrate my birthday with me and I will sponsor liquor‚Äôs and cakes and everything yet they said they had plan for weekends, i hope I am not a terrible person, I think I am but I always wished people on time, I never purposefully hurt anyone but if I did I am sorry, I never did that though, I think they did not like how I look maybe, I have vitiligo and I am not that successful for my age, because I am little under confident, is that why people hate me, I don‚Äôt know why people hate me cause if I am unsuccessful I can be successful but that‚Äôs not it, maybe they hate that I have vitiligo, maybe that‚Äôs the reason, but I didn‚Äôt ask for it, I just got it, but can people just hate me just because I have vitiligo, I think so, I wouldn‚Äôt hate anyone though, I love all kind of people even the one who literally beaten the shit out of me when I was school because I got offended cause they were making jokes on my skin condition, maybe I shouldn‚Äôt got offended at that time, and they were only having fun I could have ignored them or maybe laughed with them, that might have resulted in a good friendship maybe, they might have wished me, I think I was always the problem, that‚Äôs why not even my parents loves me as they love my brother, he‚Äôs successful, he‚Äôs abroad with his wife and a dog, they are amazing, they didn‚Äôt wish me though it‚Äôs okay it‚Äôs still not over his office hours he is 6 hrs behind so he might have forgotten and it‚Äôs Okay, he‚Äôs busy, but he was the only one who understood me, but then when he got married and he got busy and it‚Äôs understandable, hope he becomes more successful, even last year he forgot my birthday, because he had this big project he was working, my friend that always called me he didn‚Äôt call though, he said he was travelling, might be that, I think people forget me cause I am not that important, and that‚Äôs fine I don‚Äôt add anything but only takes, I think I am Terrible for not adding value in life of people maybe after that only people will call me on my birthday, but I think it‚Äôs too late now cause I think if I leave now, no one would be that hurt as they already created distance from me, and they won‚Äôt feel sad, i am a terrible person and maybe that‚Äôs why my ex called got married to someone else, she took a right decision who wants a person who will always be vulnerable infront of them, although I was strong when she told me that she‚Äôs getting married in 3 weeks, and her roka is day after tomorrow, I didn‚Äôt shed a single tear and didn‚Äôt uttered an emotional word, I just left saying congratulations enjoy your life, she might thought I am heartless, well I was heartbroken not heartless but I can understand her POV, I think you can understand why I am a terrible person, and isn‚Äôt it better to sleep forever not knowing what happened to you




Edit: I don‚Äôt know what to write now?


Just that there are literally close to 2k people that actually wanted to be my friend and wished me, I was crying last night that not even single person called or messaged and I woke up with so many wishes, my phone is heating because of all the notifications I have been getting

I woke up  and it‚Äôs 7:25 am exactly 7 hours when I started writing that post, and I think this could have been the best thing I can ask for!

I saw few comments that people want to come and attend concert with me and I would definitely love that

Everyone thank you so much in understanding, I will go through each comment and will try to reply all 200+ of you in my dm

I just can‚Äôt believe last night I was feeling extremely lonely while looking at this screen and typing this and right now there are 2000 people who are there for me rooting for me from the same screen, thank you so much Reddit for showing me that world is not that bad as I thought it was!!!!


Thank you everyone 

This is definitely some kind of miracle or a sign and I love you all for that


Edit 2: I love you all, thanks for reaching out in my inbox, and I think this is the best gift I can ever ask


Coldplay Mumbai concert was attended by 60k people and I have more upvotes than that, that means there are more people here for me than they are there in the stadium. I am really thankful to you guys! 

My post was deleted so I could not update you guys! I invited two friends to attend with me on concert and they agreed, a lot of things have been very positive with me in past few days and I thinks it‚Äôs all because of you guys! 


I am not a YouTuber but I am definitely gonna make a video on this and upload it as my first video in the next 15 days cause this needs to be out their in the world, that Reddit is just amazing and how it can actually help people! Cause I don‚Äôt how to really thank you all guys! ",70255,10124,2.0,4.0,1107,407,5608,0.10190704032809297
https://www.reddit.com/r/confession/comments/c11din/im_putting_my_extremely_profoundly_disabled_7/,1560628386.0,SpecialNeedsDevil,I'm putting my extremely profoundly disabled 7 year old into a residential facility so I can forget he exists. I'm not sorry.,"I can't tell anyone this, even my therapist. Lambast me if you wanr and maybe I even deserve it. I only ask what you would do if you were in my situation. Not what you think ""people should"" do. What you would REALLY do. 

I'm a single mom of 2 boys. 12 and 7. My husband passed away 3 years ago in a work accident. A very large portion of me believe it was a suicide. I can't see him EVER making the mistake he made that caused his death, and he had taken an action just before that which ensured his co-workers weren't in the room. I fully believe he killed himself because of our younger son and no one will ever change my mind. 

We were told when I was pregnant that he would have Downs Syndrome. We could handle that. Even if it was severe. It turned out he has a chromosome deletion. His disorder is kind of rare so I won't post which specific one but suffice to say he'll never be anything more than he is now or has ever been. 

And what he is, is nothing. 

He doesn't appear to have any awareness and never has. His eyes are locked in one position, he doesn't respond to noise, touch, or pain. He is total care. He is capable of nothing. He is tube fed and on oxygen. He is in diapers and will be forever. He makes no sounds, no attempts to communicate. He never even really cried as a baby.

He has never made an attempt to interact with anyone or his environment. 

I'm not upset because I got a special needs/""imperfect"" child. I feel the way I feel because this...... thing..... takes up 200% of my time and does NOTHING. I didn't get an imperfect child. I didn't get *a child*. 

I don't love him. He doesn't have any personality, there is nothing to love. And yet I'm responsible for him. In addition to his extreme delays he's also medically fragile. Respiratory crises, fecal impactions (his autonomic nervous system doesn't function properly), issues with his G tube, infections, pressure sores no matter WHAT we put him on or how we position him. 

Our older son has suffered because his non existent brother has colored everything in his life. He's had medical care get delayed because there's only one of me and hos brother is more critical. We do have a visiting home nurse but only 20 hrs/week and we aren't eligible for more. I was starting law school, I gave up my dreams and my plan for my children for this potato. My older son can't do a lot of things he wants to do because of the youngers need for care and appointments. 

The final straw was I heard a sound. I went into Younger Son's room to check, thinking he had forgotten how to breathe again, and saw Older Son hitting him and screaming ""You're why I don't have a mother! You're why I don't have a father! You're why I can't have friends over! You're why I can't be in sports! I didn't ask for you and I hope you die!"" 

Instead of being horrified, I watched. And Younger Son just did. not. react. No signs of pain or fear or upset. No reaction at all. 

He breathes but he is not alive. He doesn't know who I am. He doesn't know who Older Son is. He has no sense of self, life experience, or awareness of his surroundings. 

He doesn't need to be in my home. He doesn't know or care where he is. He is genetically my son but he is not family. My previously abused, brain damaged cat who can't walk straight has more personality and is far more loveable than my ""child"". In fact I was looking FORWARD to raising a Downs baby. Even one with severe impairments, for that reason. With disability can come gifts. This boy is not a gift. He is a genetic mistake I probably should have miscarried and would have definitely terminated if I'd known he would be like this. And the flip side is, if he HAS awareness..... he's miserable. And there is nothing I can do. If he has likes and dislikes no one knows what they are. If he is in pain he can't tell anyone. If he wants anything, he can't communicate. He's had every imaginable therapy, nothing has made a difference. 

And so he's leaving our home on the 29th. I feel excited and relieved and then guilty because I know we'll be happier with him gone. 

He's already taken my husband and my son's father. He was working so so so much OT to pay for the cucumber's care. For the experimental therapies insurance wouldn't cover. Because THIS one was going to be the BREAKTHROUGH. He was tired and defeated and disappointed. He sought counseling as well but I don't think he could ever say the words ""I don't want my son in my home"" either. 

He's ruined my older son. I was so wrapped up on the younger I never realized how ignored and damaged he was. He lost his father too. I didn't just lose my husband. HE is my priority now and this malignant lump can be someone else's problem. At least they'll be paid a wage to care for him. At least they'll get a break from him when they punch out. 

I just want to never think of him again and I'm not sorry. And for that, I'm sorry. 

Thanks for reading.

Edit: Thanks /u/piconeeks, for calling me a liar. Are you a medical doctor? If your Google Fu was any good you would have stumbled on 3p mosaic deletion-duplication syndrome. That is the disorder my son has. I've basically identified myself by posting that but hey, it's better than the PMs telling me to kill myself. If you look at the features of 3p deletion syndromes *they look like Downs*. My insurance didn't cover AFP testing which would have told us it WASN'T Downs and I didn't think we needed it. I had a regular ultrasound and a 3D. Both Drs were ""99% sure it was Downs"". 

This post was absolutely NOT fiction. Instead the mods and especially /u/piconeeks just ""decided"" it was. 

If anyone would like I'll doxx myself. You can see my ID to verify my name, my marriage license, and my husband's death certificate. I will then link you to the news article of the ""freak industrial accident"" that ended his life so you can see it's the same person. 

As for not choosing hospice for my son - I can't. About a year ago I myself was hospitalized with severe depression and C-PTSD (there is proof of that too). During that time my late husbands mother petitioned to get control as my son's medical proxy and got it. I'm fighting it but it's a long, complicated process. There are competency hearings. There are statements from doctors and evaluations. Unless SHE oks hospice, which she refuses, I cannot decide that. I have custody. I cannot ake medical decisions. She agreed to residential care which I feel is the second best option. So, he's going into residential care. 

As for ""mistaking"" a child choking with hitting, I was downstairs. I couldn't hear what my older son was saying. I only knew he was speaking. Go punch a blanket or, idk, a person with weak muscle tone. Then ask said person with weak muscle done to cough. They don't cough normally/forcefully. It's more a ""strong puff"". Similar to, again.... idk... a muted punch. When you're used to jumping at every strange sound, it's difficult to discern what's what sometimes. 

So, /u/piconeeks..... anything else you'd like to know? Care to admit I *just might be* telling the truth? There were identify details I left out but guess y'all need them.",65634,2796,1.0,16.0,1322,639,7154,0.08437494592677192
https://www.reddit.com/r/confession/comments/1hh9fpe/marrying_for_money_sucks_and_i_do_not_recommend_it/,1734549899.0,Cheap-Tennis-7592,marrying for money sucks and I do not recommend it,"Married a 40 year old when I was 19. Started dating when I was 17. Yes, it was gross but that's what happened. The only reason he married me is because I was hot. The only reason I married him is because he had money. I actually do have other redeeming characteristics but he married me because I was hot. I know this. Everyone knows this. It doesn't feel great but I can deal with it. We've been married 20 years. 4 kids. So we are stable and we have lots in common at this point. And we do love each other. But if I could go back and slap myself I would. 

What nobody tells you- or they try and you don't listen because you're a dumbass teenager- is that marrying like this means you will fucking owe him. For everything. Every goddamn day. Not just in the bedroom but in every other matter in your life. The stuff you never imagined someone else trying to decide for you. And you don't just owe him for the money. It's a lot heavier than that. He'll never say it out loud. But you'll know the deal. Fundamentally unequal. He'll pull rank at the most random times and it will make you feel like you're falling through the floor. 

I don't hate my life or anything. I accept that I made this bed and I have to lie in it but I wouldn't recommend it to anyone else. My oldest daughter is two years younger than I was when I met my husband and I can't imagine. ",54873,5674,1.0,10.0,266,166,1360,0.03240740740740743
https://www.reddit.com/r/confession/comments/dm9kd6/i_added_tabasco_to_wendys_chili_and_used_it_to/,1571881857.0,hostilecarrot,I added Tabasco to Wendy‚Äôs chili and used it to get second place in a chili cook off.,"Title basically says it all. This wasn‚Äôt a professional organized competition. There was some bmx event with a couple hundred people and they always have a chili cook off. I‚Äôm not much for cooking so I thought it would be funny to throw a bunch of Wendy‚Äôs chili in a crock pot and see if anyone noticed - they didn‚Äôt. 

I‚Äôve been a vegetarian for roughly twelve years so this was a long time ago.",47895,1631,992.0,1160.0,75,62,396,0.019999999999999997
https://www.reddit.com/r/confession/comments/1iqq62r/i_paid_a_couple_of_girls_to_feign_interest_in_my/,1739704655.0,popepipoes,I paid a couple of girls to feign interest in my mate,"I‚Äôve got a mate who‚Äôs nearly 30 now, to be honest he‚Äôs not a great looking bloke but more importantly he‚Äôs had no experience with girls ever, which sucks cause he‚Äôs genuinely a great dude and maintains friendships with some girls, but he tends to friend zone himself before asking one out, he‚Äôs suffered pretty hardcore anxiety and depression and hates going out, so this year at my birthday, one of the only events hell come out for cause he‚Äôs a great bloke and knows it means a lot to me, I asked a couple of random girls if I could shout them a drink and they could just compliment my mate on something and have a small chat, no obligation to be anything but just polite and nice, and my lord he‚Äôs been a different dude ever since, his confidence has skyrocketed, he‚Äôs even asking when we‚Äôre going out next. If he ever found out what I did I genuinely think he would never leave the house again",42525,1125,369.0,1993.0,169,114,897,0.1875
https://www.reddit.com/r/confession/comments/cetye8/cop_pulled_me_over_and_i_called_911_and_lied_to/,1563463764.0,BillyClubxxx,Cop pulled me over and I called 911 and lied to get out of going to jail.,"When I was 19 I was running late to work in my tiny POS economy car and on fumes of gas I didn‚Äôt come to a complete stop on a right turn. Lights behind me so I pull over. I know I‚Äôve barely got any gas at all and was almost to a gas station, hence why I rolled through the stop a little. Trying not to have the car die. 

At the time (around 1995) a new digital phone had come out called Voicesteam (now TMoblie) and their whole big thing was the phones were digital and not cellular. They were the first phones with caller ID and one of the big things the salesman had said over and over was since it was digital the signal couldn‚Äôt be triangulated or traced. Not that I cared but it stuck in my mind. 

Well as I give the cop my license, registration and insurance card I got an idea. I knew if I was late to work I was going to lose my job. They were super strict there. 

So I get an idea and right after I hand the papers to the cop and he‚Äôs walking back to his cruiser I called 911 and tell the operator I just saw a guy with what looked like a shot gun walk into a 7-11 that was about 2 blocks away. I confirmed the address then I hung up. 

About 30 seconds later the cops comes sprinting to my car and hands me all my stuff and rushed says, ‚Äúcome to a complete stop next time!!‚Äù Then peels off to the direction of the store. 

Pushed my car to the gas station that I‚Äôd almost made it to and felt pretty pleased with my ingenuity. 

I was an idiot and I confess!

Edit: Wow, this blew up.  I forgot to mention I would have gotten arrested, booked and released, because I was driving with a suspended license for unpaid traffic tickets and I had a bench warrant for it.  Because I‚Äôm an idiot!

So it wouldn‚Äôt have been just a few mins late to work. The job was a physical high turn over one that didn‚Äôt tolerate much.

Thank you to the kind souls giving me these medals/awards!  Don‚Äôt think I deserve them but I‚Äôll pass it along to those who do!",37778,1548,1.0,0.0,391,230,1952,0.02288930117501546
https://www.reddit.com/r/confession/comments/a1jccq/i_used_to_bully_my_disabled_brother_for_years/,1543512235.0,Krineze,I used to bully my disabled brother for years,"UPDATE:

A lot of people were asking for an update so here it is.

I wrote up a long ass apology letter that I wanted to read to my brother. I waited until he got home and got into bed for the night.

I knocked on his door and he was so fucking excited that it was me. I couldn't even get through the first few words. I started crying after saying ""I wanted to say I'm really sorry"" and just couldn't get through it.

I just got into bed with him and laid down next to him. He hugged me really tight and said ""I missed you buddy"".

I fucking lost it. I never cried that bad before. He just hugged me for a long time until I calmed down. We didn't talk much. He started crying for a bit too. It was the first time in a long time we just hugged. After half an hour I got up and gave him a kiss and he told me he was so happy. Why didn't I do this earlier, fuck.

I thought I could I try apologizing properly again tomorrow. I left him the note to read anyway.

I am feeling very hopeful right now and a lot of pressure in my heart is gone. I swear to God and on my own life I will never treat my brother so badly again.

I have been working part-time for the past year and I was saving some money so my brother and my mom could go on a trip to a place he really wanted to go to. But I think I will take my brother myself instead (when I turn 18).

I also realized that I need to have a relationship with my brother where I am not just taking care of him. It needs to be like a normal brother relationship. Like going for movies and stuff. It's going to take some time for me to fix the mess I created though. I'm just lucky my brother is amazing.

I received a lot of messages. I appreciate everyone for their input and I did read them all even if I didn't reply. Thanks everyone.




My actual post:

[Remorse]


I know this will get a lot of hate and yes I deserve it. I am not looking for any validation or forgiveness. I know I am a piece of human trash.

I just need to get this out.

I have a brother who is two years older then me. He has suffered from a condition since birth that forces him to be in a wheelchair anytime he is out of bed. He cannot use his arms that well either.

We used to have a great relationship until I turned 11 and I really started resenting the amount of attention he took from my parents. And how much stress he put them under.

I had to constantly help him, change him, feed him. I hated it.

There was a few years in his life when he so mean to my parents and it really made me resent him more.

I realize now that I had no right to judge him and I will never know how difficult life is for him.

I stopped hanging out with him and made more friends at school. I would tell my family all the fun I was having at school during dinner to make him feel bad.

I started barely talking to him or acknowledge his presence. He would get frustrated to the point of tears to get my attention.

It started escalating two years ago when I would purposely turn off the wifi and unplug the tv every time we had to leave the house so my brother could do nothing but sit in his wheelchair.

I would purposely delete his favorite saved shows on the DVR. I would make fun of his speech. Push things just out of his reach.

I would act disgusted when I had to change or bathe him. It always made him feel bad and he would apologize. I made my own brother apologize for taking a dump. What the fuck is wrong with me?

But my fucking saint of a brother never told my parents. And he never let me have it.

Three weeks ago, he was trying to talk to me non-stop and I was just ignoring him. I got annoyed and wheeled him against his wishes to the backyard and placed him under an umbrella and went back inside. I fell asleep and realized I left him out there for three hours.

When I went to bring him back inside he was in tears and wouldn't look at me. He was humiliated.¬†

I have always felt guilty about how I treated my brother all these years but my anger towards him overpowered it. But seeing that look on his face affected me in a way that was different from before.

I stopped all the bullying after that day. I couldn't even look him in the face I was so ashamed.

Last Sunday my brother told me he was glad I was his brother and friend. I couldn't even respond. I went to my room and cried.

I'm fucking crying again typing this all out. When did I become an evil trash human being? Fuck.

I'm 17 and he's 19 now. I know there is nothing I can do to make up for the past 6 years.

My brother will be returning with my mom from a specialist appointment tonight. I'm going to apologize to him and beg for his forgiveness tonight. I want to start being being a fucking decent brother to him again.

I am a healthy guy with no issues who chose to bully his only brother for something that wasn't even his fault. I am so ashamed of myself.",36652,2489,1.0,0.0,978,413,4860,-0.07226994173196705
https://www.reddit.com/r/confession/comments/1in54rz/the_current_state_of_this_country_has_me/,1739297535.0,Agile-Mistake1094,The current state of this country has me panicking. I‚Äôm having panic attacks left and right.,"Somebody please tell me you that relate. It‚Äôs becoming super hard to function in society. 

It‚Äôs hard to go to work. I‚Äôve called out like 4 times in the past month. 

I can‚Äôt just ignore everything that is going on. I have NO IDEA how some people can just act like everything is ok. 

Nothing is ok. 

Are you guys worried at all? Is it interfering with your life at all? 

Please help. I can‚Äôt live like this anymore.

EDIT: Thank you so much for all the helpful comments. 

Some of you are right I should probably see a therapist. I find peace and knowing that there are others that feel like me. It helps to know I‚Äôm not alone in feeling this way. 

",36302,17253,45.0,740.0,124,93,653,0.1572077922077922
https://www.reddit.com/r/confession/comments/bemwhc/ive_stolen_hundreds_of_dollars_worth_of_water/,1555601365.0,Unknown,I‚Äôve stolen hundreds of dollars worth of water just by saying 5 words,"My college has a food court in one of the main buildings. Chick Fil A, sandwich place, salad bar, etc. You get your food and pay at the exit. Every single time I‚Äôve eaten lunch there since I was a freshman, I grab a bottle of water with my meal, walk up to pay, and say, ‚ÄúI brought the water in.‚Äù 

The employees aren‚Äôt paid enough to care, and I pay enough in tuition to not feel bad about it.",33989,944,1.0,0.0,80,64,394,-0.12095238095238092
https://www.reddit.com/r/confession/comments/8bmxlx/i_thought_i_was_a_pretty_good_dad_until_i_was/,1523501112.0,fat_lardo,I thought I was a pretty good dad until I was tested,My son threw a snowball at me and I instinctively blocked it with my daughter. The look of betrayal on her snow covered face has haunted my dreams for years,33191,468,1.0,0.0,30,29,156,0.0
https://www.reddit.com/r/confession/comments/dju74z/i_run_a_fake_restaurant_on_a_delivery_app/,1571434294.0,pisicka,I run a fake restaurant on a delivery app.,"I registered a company, bought all the take-away boxes from Amazon, signed up for a few delivery apps, made a few social media acounts and printed leaflets that I drop in mailboxes.
I re-sell microwave meals...On some meals I add something to make them look better, like cheese.
So far it‚Äôs at around ¬£200 a day in revenue. 

Nobody suspects a thing, soon someone will come for higene inspection, but I‚Äôll pass that check without any problems. It‚Äôs not illegal to operate out of your own kitchen.

Should I feel bad? I feel kind of proud to be fair and free as a bird from the 9-5 life.

Edit: Please stop commenting on the legality of this. I‚Äôm doing everything by the law. I‚Äôm in the UK, so yes, I can work out of a non-commercial kitchen, yes I am registered and will pay taxes in Jan, yes I have my certificates and yes I have insurance (though there is something I might need to add to the policy, doing that next week) 

This shouldn‚Äôt be your concern, I‚Äôm legal. This is a confession sub, not legal advice.
Not breaking any laws, just ruining my karma irl for selling people heated up food from a microwave at home.",31539,2311,29.0,1000.0,208,143,1122,0.1988888888888889
https://www.reddit.com/r/confession/comments/acx80h/my_little_cousin_cracked_my_iphone_xs_max_screen/,1546716075.0,7eight9ten,My little cousin cracked my iPhone XS Max screen. Made my aunt pay $329 knowing I have apple care and it only cost me $29,"My little cousins are the biggest shits in the world and my aunt pretty much let‚Äôs them do whatever they want without consequence.

They were roughhousing and knocked my phone off the counter, shattering the screen. 

My closest Apple store is about 2 hours away and it‚Äôs a huge inconvenience for me to drive there not to mention the extra gas. So instead of explaining this to her (she‚Äôs the kind of person who doesn‚Äôt care about things that don‚Äôt effect her directly) I told her it was $329 to fix (which is true if I didn‚Äôt have apple care). She wrote me a check for $329 and I only had to pay $29 and I pocketed the extra $300. I consider that my non disclosed inconvenience fee.

EDIT my cousins are 14 and 15. Not exactly toddlers.",30732,806,1.0,20.0,138,101,737,0.14431818181818182
https://www.reddit.com/r/confession/comments/1iu1f7c/he_is_having_fun_avoiding_parental/,1740066155.0,SocialJusticeAsFuck,"He is having fun avoiding parental responsibilities, but there is no child.","A guy I was dating intentionally tried to get me pregnant when we were together. After ejaculating into me when I asked him not to and he knew I was ovulating, he ghosted and I never heard from him again. I lied and told him he got me pregnant and he blocked me. I managed to reach out to him and told him I gave birth and he hung up on me. There is no child. ü§£

He unblocks me every couple of months to taunt me about being left with his child. But there is no child Imao. It's just funny to watch how much joy he gets out of thinking he created a child and disappeared.

Almost like it's a kink for him.
I don't ever plan to tell him there's no child lol. I'm just going to let him enjoy feeling like he did something.

For those calling me crazy‚Äî I do have borderline personality disorder. So, it‚Äôs playtime üòà

Also, we weren‚Äôt using the pullout method. He was using a condom and decided to take it off quickly before he ejaculated and shove himself back inside of me to ejaculate, while I pushed on his chest, cried, and said ‚Äúno‚Äù repeatedly. I didn‚Äôt deserve that, but he deserves this. And the fact that so many of you think that lying is worse than or equal to RAPE is fucking terrifying.",30244,2051,31.0,353.0,234,155,1195,0.18076923076923077
https://www.reddit.com/r/confession/comments/1je7z7j/they_fired_me_months_ago_most_of_my_meals_still/,1742312592.0,bigmassiveshlong,They fired me months ago. Most of my meals still come from their break room.,"I used to work at a small ice rink as a zamboni driver. I'm a broke college kid and a few of the other employees were broke college kids, so they often had pizza, hot dogs, ramen and things of that nature in the break room. The thing is, they ""fired"" me in december. By that I mean they never said I was fired but they never scheduled me for any more hours and completely ghosted me. 

In doing that though, they never told me to give my keys back. The keys that opened the break room. So every week, I bring a tupperware, go through the back entrance, and steal as much food as I can. What can I say, I'm jobless and can't afford food. There's no cameras. Who's gonna stop me? I technically work there. I'm invincible and my food comes from their wallet

Edit: WOW a lot of you are very against a hungry 19 year old eating shit that comes out of their boss's paycheck. Reevaluate your life if you think a teenager eating is bad

Edit 2: YALL MY DAYS OF STEALING BE OVER BC I DONE GOT A REMOTE DATA ENTRY JOB",29790,967,35.0,1564.0,199,143,1008,-0.025735294117647047
https://www.reddit.com/r/confession/comments/1jiyxox/left_driver_of_jacked_up_truck_stranded_when_we/,1742843249.0,Ki77ycat,Left driver of jacked up truck stranded when we were pumping gas,"I was pumping gas, left it running and then started cleaning the bugs from my windshield (it was that time of year). This truck had pulled up behind me, and the driver was an inpatient asshole. He got out of his truck and walked up to the fuel handle. Gas was still running. He shut it off, pulled nozzle out of my car and put it back in the pump station and told me he was ""helping me get out of the way"". I was on the passenger side of car. I was startled and starting to walk back around to confront the guy.

My son, 17 years old at the time, had been in the store and was walking back to the car when he saw what was going on. 

He walked oversaid, ""Dad, just leave, okay?""

So I walked back around, got in and started driving away, feeling like I may have avoided an ass whipping, but as soon as we drove away he reached into his pocket and pulled out a keychain.

The guy had left his door open and while he was focused on me, my son had reached in and grabbed the keychain out of the ignition to his truck. As we pulled out of the parking lot we saw him running towards us! ü§£ 

We drove about a half mile from there, and I pulled over into a parking lot, and walked over to the curbed main street, and tossed his keys into storm drain. Must have been 8 or 9 keys on there so I'm sure he had fun replacing all that.",28281,1179,50.0,1637.0,269,154,1322,0.06666666666666667
https://www.reddit.com/r/confession/comments/1hj8j1y/i_intentionally_ask_women_well_above_the_legal/,1734782653.0,True_Targetx,I intentionally ask women well above the legal age limit(alcohol) to show me their ID ,"I work as a cashier at a grocery store. Whenever a middle aged woman, who clearly looks older than 21, purchases alcohol from me, I intentionally ask them to show me their ID. I do this because somewhere deep down I feel that, if I ask them for their ID it creates an impression that they look far younger than they are. I do this every chance I get, regardless of how busy the line is, in hopes of making them feel younger and possibly happier. ",28251,2245,1.0,0.0,86,67,446,0.01919191919191919
https://www.reddit.com/r/confession/comments/8j8dho/i_stole_over_20000_in_a_very_creative_way_in_the/,1526258972.0,AlBundy758,"I stole over $20,000 in a very creative way in the 90's","I worked at a fast food chain in the 90's when I was in high school. When I worked there they were in the process of phasing out denominational gift certificates. ($5, $10 & $25) 
The way is worked was if you spent more than half of the certificate they gave you the cash back. So if you ordered $5.50 worth of food and gave them one of the $10 gift cards, they gave you the $4.50 back in cash. My manager was in charge of destroying all the existing certificates as we transitioned to the more traditional credit card looking gift cards. 

So my manager said he shredded the certificates like he was supposed to, but one night when I was closing I found two boxes of the gift cards tucked deep in the dry storage room. They were FILLED with the certificates that were supposed to be shredded. So, I scooped them up, brought them out to the dumpster in trash bags and threw them away. After we closed, I came back and recovered the back, and brought the certificates home. I counted them. There were 1,000 $25, 1,000 $10, and 500 $5 certificates. None of them had expiration dates. Total haul was $40K in fast food certificates. 
My manager never said a word, he couldn't. He had reported them destroyed weeks earlier. 

Over the next three years my girlfriend and I toured every location in our state, and the next 4 states ordering food, and getting the change. We never kept track on a spreadsheet or anything, but we got good at knowing what menu items were just about half. 

After the first year, we started saving the change in a shoe box, and let it build up. 

I bought my first car for $7,800 cash from the change.
And for some reason A kiddie cone was $1.05, if you gave them a $5 cert they gave you $3.95 back. We threw away a lot of kiddie cones. 

Edit:

Holy crap this blew up.  Here are the answers to some of the FAQs

1. We could hit 10-12 stores in a day if we drove around for 5-6 hours.  Both of us would use a gift cert.  it was not that labor intensive.  


2. The only cameras in the store were at the cash registers & take out window.  


3. The manager has no clue who took them, or at least never treated my differently.  


4. Each gift certificate had a generic PLU on them.  E.i. All the $25 were PLU #756.

5.  When we stopped selling the certificates we were told to keep honoring them because they were pre paid.  They were not coupons.  

6.  One can only eat so many ice cream cones.  ",26827,1019,4.0,31.0,458,262,2420,0.05885714285714286
https://www.reddit.com/r/confession/comments/1hcmsxr/our_elf_on_the_shelf_is_dead_forever_and_i_am_so/,1734015287.0,Superb_Writing845,Our elf on the shelf is dead forever and I am so relieved ,"Last year my son (then 9) decided elf on the shelf was not real when he had a friend over. Touched it, picked it up, threw it on the floor and later electrical taped it to a robot vacuum. My youngest was watching and laughed and I thought, finally, nobody believes in this annoying elf anymore. So, Pinecone the elf disappeared after that. This December, my youngest child asked if elf on the shelf was coming back and I told her no, pretty sure her brother had killed him forever. And, I don‚Äôt even feel guilty because the holiday season is so much less stressful without it. To all parents, do not get sucked into getting an elf on the shelf. They will be the bane of your existence for years to come.

*edit*
Apparently lots of people have strong feelings about the elf. The kids and I had an awesome holiday. We went to Christmas festivals and school programs; they were in a holiday play, we made Christmas cookies and all of the typical holiday joy and not once did we miss the stupid elf. If the elf works for your family, that‚Äôs great. And I mean that sincerely. If you‚Äôre hanging on by a thread and your cup is empty and one more thing to remember is the last thing you want to do, be kind to yourself. Your kids would rather spend time with a less stressed parent than to have all this extra stuff. ",26788,1885,2.0,140.0,248,170,1309,0.08705357142857144
https://www.reddit.com/r/confession/comments/1i6svk6/im_the_guy_that_used_to_put_extra_mcnuggets_in/,1737492502.0,Sea_Competition_2751,I‚Äôm the guy that used to put extra McNuggets in your order,"If you ordered 4, I‚Äôd still put 4

If you ordered 6, I‚Äôd put 8

If you ordered 10 nuggets, I‚Äôd put 13

If you ordered 20, I wouldn‚Äôt even count, I‚Äôd straight up fill the box to the brim since no manager would ever notice that

Edit: forgot the most important part: used to shove so much fries into the box while every other employee used to ration. Used to put so much to the point where the box would start tearing on the side",26588,989,43.0,481.0,86,55,427,0.22916666666666666
https://www.reddit.com/r/confession/comments/c2qe5f/i_killed_an_elderly_man_in_front_of_his_wife_and/,1560998275.0,MilkyWayKid22,I killed an elderly man in front of his wife and basically his entire family.,"Forgive me for any misspellings or format I‚Äôm trying to do this on my phone.  I haven‚Äôt talked about this to anyone (even though it‚Äôs been years) even my closest of friends, minus the ones that were there.

One nite when I was in college I was driving to get some liquor for a party my fraternity was supposed to throw the following night.

I was taking a street I was very familiar with to get back to my house.  It was dark but the street was lit with street lamps.  I remember that I looked at my radio for a second, just a second not very long at all.  But when I looked back up to the road  there was a man crossing.

I didn‚Äôt have any time to react, by the time I saw him he had already hit the good of my car and bounced off the side.  I remember screaming and hitting the brakes, and the wash of horror of what had just happened.  I‚Äôll admit I had thought about speeding away, but I pulled over to the side and ran out of my car to check on this guy.

When I got to him his family was standing outside the restaurant he was leaving and they were all screaming and crying.  He has laying on the side of the road with blood coming out his nose and mouth. Two other men were standing with him trying to see if he was alright and calling 911.  All I could say was ‚ÄúI didn‚Äôt see him‚Äù I was frantic by the time it had set in what I had done.

I sat on the curb across from the family and listened to their crying in agony while we waited for the paramedics to arrive.  I sat there and sobbed while to paramedics took him away in an ambulance.  I don‚Äôt believe I‚Äôve ever cried so hard and for so long.  The worst part about all of it and what still kills me today was that his wife came over to me while I was distraught on that curb, sat next to me, placed her hand on my shoulder and said ‚ÄúI was married to him for almost 50 years.  We had a good life.‚Äù Then she hugged me and said that she forgave me.


  After everything was said and done it was ruled that it was an accident.  I wasn‚Äôt charged with anything and I had one of my friends pick me up from the police station.  I went down a dark path the years after that.  I drank heavily, dropped out of college in my senior year, and had to move back in with my mother and father because I couldn‚Äôt hold on to a job.  Even tried to kill myself with pills.  It was a hard road to recovery (witch I feel I‚Äôm not fully recovered from nor do I feel I ever will be the same). But eventually I got my life back in order.  Joined up with the Navy and saw a bit of the world, and now I‚Äôm on track to go back to college and hopefully finish what I started there.   It took almost a decade but I finally start to feel almost whole again.  I‚Äôm back to hanging with my friends, and actually going out.  So maybe there is a light at the end of the tunnel.

Wow, you guys are awesome! Thanks for the support and feedback.  I‚Äôve never really posted anything on reddit before because people can be assholes, but all these kind words are moving. Thank you!
And big thanks to whoever reformatted my post.  I‚Äôm shit at this so thanks homie!",25565,736,1.0,5.0,615,308,3077,0.03355446233353209
https://www.reddit.com/r/confession/comments/9hpsab/i_slept_with_my_daughters_ex_boyfriend_he_got_me/,1537535973.0,kasamaherm55,"I slept with my daughters ex boyfriend, he got me pregnant and I had an abortion. They got back together and got married.","This was back in... let me think, maybe 1997? I was 38 and my daughter was 18, and she was dating Harry, who was 24. I was an alcoholic and dabbled in other drugs, mostly cocaine. I was not a good person, let alone mother. Not like I was abusive to my daughter or anything but I was generally inattentive and cared more about my alcohol and drugs than her, especially in her teen years. I am 14 years sober now. 

I disproved of my daughter dating harry, but I never told her why. He would flirt with me, constantly, and the age difference also creeped me out. Also, he was an alcoholic and drug user, just like me. She broke up with him over his alcoholism. 

Soon after she moved away, not too far but regardless she didn't live with me anymore. Harry kept calling me and asking if we wanted to get drinks, I turned him down, but then one day he said he had a bunch of coke and I couldn't resist. He came over, we did the coke, and we ended up having sex. He was a very good looking guy. He looked A LOT like that ridiculous 80s justin beiber picture that was on the front page today, that is actually what made me think about him. 

For the next few months, maybe like 3-4 months, he would sometimes come over and we would have sex and do drugs and get drunk together. Any drug addict knows what that is like to have a drug addict buddy in that way. 

Then I got pregnant. I knew it was by him, I had sex without a condom a few times stupidly. I never told him I was pregnant, and I went and got the abortion and kept it a secret. 

Anyways, I stopped seeing him after that, it was too weird. I also got sober, for like 4 months, before relapsing. Fast forward 2 years and my daughter contacts me and tells me that she got back with Harry, and that he is fully sober. I was mortified honestly. He was gonna tell her that we slept together, and she is going to hate me for life. They came over one day and said hi, and when my daughter was gone, Harry told me that there is no reason to tell her about what happened. I agreed. 

Its been 16 years of marriage on their part. They have a kid together. Harry got cancer, then beat it. I got sober. That's basically it. 

I don't see them very often, they live in texas and I live on the east coast. But whenever I do there is always that tension between me and Harry, its literally the first thing that comes to either of our minds, I can just tell. Not like sexual tension, like ""why did we have to do that? What the fuck is wrong with us?"" kind of tension. 

I think about this often. Especially when I see my grandson. I always think that could have been my son if things had gone differently, but WOW what a disaster that would have been if I decided to keep that child. ",24920,891,1.0,1.0,536,275,2724,0.03159708193041526
https://www.reddit.com/r/confession/comments/7l2a34/found_out_my_dead_best_friend_was_in_love_with_my/,1513785718.0,mysxcv,Found out my dead best friend was in love with my wife,"[Light]

I'm writing this as a confession because I don't know where else to speak about this and I don't want my kids finding this out on my main account.

My friend died a few months back due to heart problems. He was taking care of himself so it was a shock to everyone. Especially his wife who was with him at their house when he died. Due to this she decided to move somewhere else and because she and her daughter were still distraught she asked me to pack up his stuff.

He had some boxes in his basement and after a while I started feeling nostalgic and decided to look into them. I found pictures of us from when we were kids all the way to before we got married. That was enough to make me feel bad and I just got back to taping them up. 

But one of the boxes seemed to be in much better condition, so I decided to check it in case it was something important. To my surprise I found out pictures of him and my wife from when we used to hang out together, as well as more recent pictures from family reunions. The most recent being from my wife's birthday party. 

Alongside the pictures there were letters that he never sent her. The first one dated 2 months before I met her. The last one was also the same date of her birthday party. There was one that stood out the most was one from after I started dating her. He wrote that his time had passed and since my happiness was as important as his own he would watch over us.

I'll keep his box safe since it isn't my secret to reveal.",23851,522,1.0,0.0,294,167,1494,0.10773809523809526
https://www.reddit.com/r/confession/comments/1ielqrc/i_used_to_reprice_steaks_at_my_work_when_i_was/,1738348492.0,Carricriss,I used to reprice steaks at my work when I was younger,"When I was 18 I worked at a piggly wiggly grocery store. After the meat department guys went home at like 3pm it was part of my job to restock meat on the sales floor throughout the night. At the time my mom worked nights and my step dad would always be passed out drunk when I got home so there would never be dinner for my brother and me. I'd always bring him home whatever he wanted (usually junk food like hot pockets, chips, etc) and I went through a huge steak phase, my family was kind of poor so we almost never got steak, it felt fancy to me. So I would go find the thickest steak we had in the cooler and change the sticker price so instead of being like $11.99lb it was $1.99lb making it exponentially cheaper. I did this probably twice a week for over a year and was never caught.",23708,922,42.0,829.0,157,104,792,0.016666666666666653
https://www.reddit.com/r/confession/comments/ay54gt/i_overcharged_over_5000_people/,1551912379.0,Nymmash,"I overcharged over 5,000 people.","Back in high school I used to work the concession stand. In my school the booth was a little folding table where I would sell water, pop and chips. 

To anyone that was a visiting team I would charge $.25-.50 more on the items they wanted to buy, and I would keep it. 

I ended up making somewhere around $3,000 doing this for my high school career, and no one ever found out because I didn‚Äôt charge anyone from the home team the same amount. ",23513,671,1.0,0.0,85,62,443,0.10541666666666667
https://www.reddit.com/r/confession/comments/9ue6vz/i_cheated_to_get_my_bachelors_and_my_masters/,1541429968.0,Musky-Chan,I cheated to get my bachelors and my masters degree,"Yeah I cheated. I didn‚Äôt write any of my papers, I didn‚Äôt do any of the work myself. I stole a lot of work. Took only classes anyone I knew did and used all their work for it with minor changes. I made it through 6 years and got two degrees. I got a scholarship out of high school by cheating,  I cheated during the SAT, I cheated most of my life and I feel a little bad but not really.. Thanks to a couple real ones for holding it down for me, wouldn‚Äôt have made it this far without you

Edit: 1 million views, thank you. All the folks who got triggered thanks for fueling the post. May all of your bridges be sturdy and your streets pothole free. Wouldn‚Äôt have gotten this far if it wasn‚Äôt for your hard work. 

Edit: thanks for the gold anonymous, I love you.

Edit: shoutout to my university and my professors. I graduated with a 3.3 gpa, not the best but it‚Äôs alright. I also took the FE and PE exams and did well. 

Edit: yeah, I‚Äôm bragging. But I confessed, thanks!",22894,2399,1.0,0.0,190,120,972,0.11807098765432099
https://www.reddit.com/r/confession/comments/1iundet/i_let_a_stranger_hide_in_my_apartment_and_i_dont/,1740131730.0,404-NotFoundIRL,"I Let a Stranger Hide in My Apartment, and I Don‚Äôt Know If I Regret It","This happened last year, and I still don‚Äôt know if I made the right call.

It was around 11 PM, and I had just gotten home from a late shift. I live in a small apartment in a not-so-great part of the city, so I‚Äôm always a little on edge when walking home. That night felt‚Ä¶ off. As I was unlocking my door, I noticed a guy standing at the end of the hallway. He wasn‚Äôt doing anything, just standing there, but something about him made my stomach drop.

I got inside, locked the door, and tried to shake it off. Not even five minutes later, someone knocked. Hard. I froze. It wasn‚Äôt my neighbor (she texts before coming over), and I don‚Äôt really have friends who drop by unannounced.

Then, a voice - ‚ÄúPlease, can you just let me in for a second?‚Äù

It was a woman. She sounded out of breath, almost panicked. I looked through the peephole, and there she was, maybe mid 20ish, wide eyes, glancing down the hall like she was being followed.

I know, I *know*, stupid move, but I cracked the door open just a little and asked her what is going on.

She whispered that there‚Äôs a guy, he‚Äôs been following her since she left the train. She didn‚Äôt know where else to go from there. That‚Äôs when I realized. The guy I saw earlier...

My heart was racing, but I stepped aside and let her in. I locked the door immediately, turned off the lights, and we just stood there in the dark, listening. A few seconds later, heavy footsteps passed my door. Slow. Like someone was looking for something. Then‚Ä¶ nothing.

She stayed for about thirty minutes, just sitting on my couch, shaking. I offered her water, and we barely talked. Eventually, she called a friend to come pick her up.

When she left, she just said thank you and disappeared down the hall. I never saw her again.

I don‚Äôt know if she was telling the truth. Maybe she was genuinely in danger. But I think about that night all the time, and I can‚Äôt decide if I did the right thing‚Ä¶ or if I got really, really lucky.",22661,1090,12.0,66.0,370,232,1959,-0.0528884078884079
https://www.reddit.com/r/confession/comments/1jav8x6/i_smoke_weed_and_watch_movies_every_night_at_work/,1741924650.0,SprinklesNo164,I smoke weed and watch movies every night at work.,"I work as an overnight security guard for a massive outdoor shopping center and my job is literally pointless. The job only exists so they can post those big signs advertising that the shopping center has armed security in hopes of those signs deterring criminals. If someone actually tries to  do anything all I‚Äôm supposed to do is lock myself in the security office and call 911. The only work I actually do is telling people not to have sex in their cars in the parking lot which happens way more often than you think and the nightly system audit that I have to run. The audit takes 30 minutes to an hour so for the other seven hours, I just smoke weed and watch movies. I know for a fact my boss doesn‚Äôt care because he told me he was high on my second day of training. He was even the one who told me I could just watch movies or whatever when it was slow long as I checked the cameras periodically. I can‚Äôt help but feel a little bit bad but at the same time, it‚Äôs not like there is a ton of work that needs to be done.",22089,1621,78.0,303.0,202,134,1025,-0.06958333333333333
https://www.reddit.com/r/confession/comments/1ib028f/met_a_random_woman_at_a_large_corporate_function/,1737953026.0,Different-Carpet-159,Met a random woman at a large corporate function and she confessed,"I was recently at a large corporate party with many people I didn't know from different offices around the country. I was making small talk with the wife of someone I didn't know and she started making humorous complaints about her husband.  Nothing serious, typical middle age marriage jokes. We're laughing and says ""we've never before and we will probably never meet again,  so can I tell you something I need to get off my chest?"" I say sure and she confesses that she had a years-long affair that ended about 2 years ago.  I smile and say that's not uncommon and not so bad.  She then gets very serious and says that's not the bad part. He recently died of cancer and she so wanted to see him before he died but she couldn't (her husband actually knew about the affair, but his wife never did).  She was on the verge of tears saying she couldn't even go to the funeral, but she did go to his grave afterwards.  She couldn't talk to her husband about it, she couldn't talk to anyone. I wanted to ask her more questions,  but she stopped me. She got herself together and left to join her husband.  Before the evening ended she talked to me again, with other people around. Big smile on her face saying what a great fun conversation we had.  She asked to exchange numbers, which we did.  She started texting me 2 days later, giving me a bit more details about the affair, explaining that she really loved the guy and missed him terribly. And then told me that her marriage was miserable and that she believes her husband is really gay.",22022,1527,271.0,899.0,283,159,1537,0.014087301587301601
https://www.reddit.com/r/confession/comments/1i3x7m5/i_carry_pumpkin_seeds_in_my_pocket_and_plant_them/,1737166359.0,AfterOne6302,I carry pumpkin seeds in my pocket and plant them everywhere I go. I've been doing this for over 20 years.,"I carry pumpkin seeds in my pocket and plant them everywhere I go. I've been doing this for over 20 years. There is no reason that I do this other than I find it funny. I hear whispers I don't know how a pumpkin grew here lol. I never run out of seeds I got pumpkin patches across the country.
Till next time Lend a hand Leave a smile ‚úåÔ∏è ",20693,724,136.0,222.0,70,57,338,0.24500000000000002
https://www.reddit.com/r/confession/comments/9tvxvm/my_aunt_hit_my_mother_so_i_dragged_her_across_the/,1541266097.0,YouNeverKnowDoU,My Aunt hit my mother so I dragged her across the floor and punched her till she passed out,"My Aunt is a poisonous woman. Our whole family doesn‚Äôt talk to her. She‚Äôs done things in the past you wouldn‚Äôt believe. So she left our lives years ago. Recently she returned out of the blue at my moms house. My mom has 2 other sisters and a brother. My mom and aunt never got on. My mom is a lovely person but she could sense from a young age something was off about her sister, so she kept her distance. 

My Aunt was nasty and would hurt people‚Äôs feeling intentionally for no reason. She never had a partner or kids. She isolated herself from everyone. My Gran cut her off when she tried to steal thousands of dollars from her. We all genuinely think there‚Äôs something physiologically wrong with her. 

So back to where I was going with this....one morning I was at my moms house. Just chilling out and there was a knock at the door. So I opened it and there she was. She walked in, she looked like she had took drugs. She looked dead behind the eyes. I tried to stop her but she pushed me down. I honestly don‚Äôt know why she came to my moms house out of everyone. I quickly got up and she went into the kitchen she startled my mom and punched her in the face, my mom didn‚Äôt even have a chance to blink before she hit her. She went down like a ton of bricks.

My heart felt like it had been sucked through into my stomach when I seen it. Something came over me, I don‚Äôt know if it was anger or adrenaline, but I ran up behind her and grabbed her hair and I dragged her out onto the back lawn and I bashed her face about 15 times, blood was everywhere. Thankfully no one seen me or I might not of been writing this right now. I got up and I left her there. I went to check my mom, she was in a lot of pain. I looked back out the window and she was gone. 

We told our family immediately about this and they were perplexed and angry as to why she just turned up and attacked my mom. I‚Äôm still so hurt and angry as I write this. But I also feel tremendously guilty and upset that I done that to her because I‚Äôve never fought anyone and I‚Äôm not a fighter at all, but something came over me and I snapped. 

I can‚Äôt get over it for some reason. It just seemed so unreal and there was no reason for the attack. God forbid she had a weapon that‚Äôs truly scary to think about. We didn‚Äôt call the police. As I assaulted her badly and didn‚Äôt want it to bounce back on me. That‚Äôs another thing I feel ashamed about.

But should I feel bad or not? I need others opinions as I‚Äôve been bottling this up for a while.  

My Gran was devastated, she just wanted her daughter back but from a young age she took to drugs, spent time in prison and amount of other things. You can‚Äôt help someone who doesn‚Äôt want to be saved. ",20485,1312,1.0,0.0,537,270,2707,-0.13762333762333764
https://www.reddit.com/r/confession/comments/88e7gh/whenever_i_see_someone_in_an_expensive_car_i/,1522448027.0,bryankicks,Whenever I see someone in an expensive car I purposely choose to not look at them so as not to inflate their ego.,"I know, super first world anarchist.

Edit: WOW! My highest post ever! It‚Äôs great to see there are others out there like me. Also, the comments from those with expensive cars is cool to see. I don‚Äôt think all people with nice cars are douchebags. I do it for the ones that truly are!",20270,1208,33.0,161.0,54,46,283,0.30565476190476193
https://www.reddit.com/r/confession/comments/1jg2c0v/sometimes_i_hit_reply_all_on_purpose_just_to/,1742511662.0,LidiaSelden96,Sometimes I hit ‚ÄúReply All‚Äù on purpose just to watch the chaos,"At work, whenever someone sends out a mass email that clearly should've just gone to one person, I get a little evil and hit Reply All with something totally pointless like ‚ÄúThanks!‚Äù or ‚ÄúGot it!‚Äù

Every time, it sets off this chain reaction of at least 10 other people doing the same thing, and I sit back and watch the flood of unnecessary emails roll in. It's petty, but honestly? Weirdly satisfying.

Sorry, coworkers.",20104,586,58.0,682.0,74,68,421,-0.15416666666666667
https://www.reddit.com/r/confession/comments/bhzkcr/any_post_with_avengersendgame_spoilers_will/,1556375173.0,DxFrz,Any post with Avengers:Endgame spoilers will result in a permanent ban,"Consider this everyone's fair warning. We have a strict policy against trolling and spam, and this is the worst of both. Do not post spoilers, do not post your opinion on the spoilers, do not post fake spoilers, etc. We have already removed dozens of comments and banned many accounts, but there will undoubtedly be more. Please just report them and move on. 

&#x200B;

To clarify, this extends to anything not marked properly with spoiler tags.",19915,915,19.0,1990.0,76,59,446,0.021428571428571425
https://www.reddit.com/r/confession/comments/1infm0b/i_poured_skunk_tincture_all_along_my_neighbors/,1739324487.0,billynotrlyy,I poured skunk tincture all along my neighbors windows so they‚Äôd be quieter.,"They were so loud all the time. I tried talking to them, telling them my boyfriend and I work at a coffee shop and bakery and our hours were really early. I bribed them with treats I made. 

They were constantly opening their windows and playing their music so loud for hours at all hours. Even their conversations were loud. With their windows open, even with mine closed I would know when their mom was visiting, when their boyfriends weren‚Äôt texting them back, or when they got their nails done. I did everything to cover it up. Music of my own, fans for white noise, tv, etc. it‚Äôs like they knew when I was actively trying and stepped up their game to be louder. Eventually we tried talking to landlords, made noise complaints, everything. They just learned how to be sneaky about being loud. Eventually it got spiteful. Putting music in the window, screaming and banging on the walls. Our houses weren‚Äôt connected but there was maybe a max of 10ft in between with a sidewalk going through. I was getting really stressed out. Losing sleep, couldn‚Äôt relax in my house, was getting sent home from work because I was so tired. It got really bad and I had no idea what to do. Nothing we had done up to this point had worked. 

When I‚Äôd explain my situation people would come up with funny revenge ideas. None of them stuck like the skunk tincture did to me. I could feel it in my bones it would work. So I ordered some on amazon and one morning as I left for work I dumped it all along the side of their house that they keep the windows open on. It smelled so bad I was worried I was gonna get some on me and I‚Äôd smell bad at work. I didn‚Äôt. 

Fast forward a couple hours and I get a notification on our camera that there‚Äôs motion. It faced in between the two houses along the sidewalk, the place I dumped the tincture. One of the girls was walking back and forth up the sidewalk spraying the rocks under the windows with Lysol. I watched it for a while and more came out. One opened the window and pulled the screen off and wiped it all down. Eventually a maintenance guy showed up. Then the gas company. I kinda started to panic at that point. I felt kinda bad, like maybe I had gone too far. I don‚Äôt think they ever figured it out or suspected me.

For the next 2 months those windows stayed shut and I barely heard anything from them. It was so peaceful. I couldn‚Äôt believe it worked. ",19871,376,323.0,1955.0,452,250,2389,-0.044629629629629596
https://www.reddit.com/r/confession/comments/1gw7j09/my_mom_caught_my_dad_with_a_16yo_and_covered_it_up/,1732162051.0,Unknown,My mom caught my dad with a 16yo and covered it up. ,"Well, 16 years ago we had two of my friends and their mother living with us while they went through a divorce. I was 15 and my friends were 14 and 16. I was away at another friend‚Äôs house one night. When I came back the following day my mom told me she had kicked them out because the 16yo tried to make a move on my dad. She absolutely slandered that poor girl‚Äôs name. 

When I got into my 20s it still sat in the back of my mind. I just knew I didn‚Äôt get the truth. So I reached out to the 16yo who was also now in her 20s. We met up and I got the true story. I could see the pain in her eyes. She said she‚Äôd been in therapy for years because of my father. That he did it in such a loving way, it really fucked her up. She told me they‚Äôd been drinking on the property then went skinny dipping. All while my mother was in bed pregnant with my sister. They made their way into the house and upstairs. Where eventually my mother walked in on them. I let her know I had her back if she ever decided to do anything about it. 

I am now in my 30s and recently became a mother and it‚Äôs all I‚Äôve been able to think about. They still don‚Äôt know that I know the truth. It‚Äôs reawakened the rage in me. Especially all of the teenage rage they made me shove down for so long. Because if anyone did that to my daughter, or if I caught my husband in that situation, HELLLLLLL NO. It was easy to shove down before because I learned from the best, my parents. But becoming a mother, especially to a daughter, I‚Äôve never wanted someone to pay for something they‚Äôve done so bad. 

I feel like if I brought it up to my mom she would just get angry and talk shit. She‚Äôd probably say the past is the past and I need to let it go. That people can change. But I know he hasn‚Äôt changed due to events over the recent years with his anger and control issues. He‚Äôs a very big narcissist who believes he can do no wrong whatsoever. And my mother is so far up his ass. It makes me wonder if the 16yo was his only victim. If she was, and if he‚Äôs never done it again, would that be okay? Is this forgivable? Because I don‚Äôt feel like it is. 

I want to tell the whole family, but I feel like they‚Äôd just downplay it and make me seem crazy. Cut me off and turn my siblings against me. They‚Äôve done it before when I called them out on other things. So, here I am. Just needing to get it out I guess. What would you do? ",19698,1969,1.0,0.0,487,262,2387,0.0007834757834758063
https://www.reddit.com/r/confession/comments/bszk2i/i_gave_a_lactose_intolerant_customer_dairy_on/,1558818064.0,SuperSlimeySlime,I gave a lactose intolerant customer dairy on purpose,"I know this sounds weird but when I worked at Starbucks, there was a regular customer that was very difficult and rude. I was warned of this customer on my first day of training. She came in every morning and would try to rush the workers on doing their job and makes other customers feel uncomfortable. 3 months into working, she came in one morning and caused absolute hell. She was complaining about her drink while one of my coworkers was making the drink. As soon as she got it she accidentally ‚Äúspills‚Äù it and asks for a completely different drink. I was so fed up. She wanted a Frappuccino. She went to the bathroom while we were making the new order. I switched with my coworker and made the drink. Instead of almond milk I made the Frappuccino with regular milk. The drink was ready by the time she left the bathroom. She takes the drink and takes a sip and didn‚Äôt complain. 5 hours later she calls the Starbucks from the hospital and I was the one who picked up. She got in a car accident trying to rush to a bathroom. She said she shitted her pants. I couldn‚Äôt be anymore happier that she was safe but got her karma.",18862,1505,21.0,180.0,213,125,1127,-0.05257575757575759
https://www.reddit.com/r/confession/comments/7lze28/i_purposely_go_wash_all_the_dishes_at_holiday/,1514174036.0,dg4827,I purposely go wash all the dishes at holiday dinners so I don‚Äôt have to talk to anyone,,18463,373,41.0,394.0,0,0,0,0.0
https://www.reddit.com/r/confession/comments/8yilkx/before_i_went_to_bed_i_called_my_girlfriend_with/,1531474930.0,Ritter97,"Before I went to bed, I called my girlfriend with a low battery and told her I'll talk to her until my phone died. She began talking about the Bachelor and I pretended my phone died by hanging up.","I regret nothing.

UPDATE: Wow this got way more popular than I wanted it to. Just an FYI we have been dating for five years and could not be in a happier, healthier relationship. When she saw this post she got a really good laugh out of it. ",18183,380,91.0,1506.0,48,43,242,0.43999999999999995
https://www.reddit.com/r/confession/comments/a9ap5r/my_2_nephews_are_complete_shitheads_so_i_get_them/,1545700584.0,Snoop-C-A-Double-T,"My 2 nephews are complete shitheads, so I get them gifts that are noticeably inferior to the gifts I give their cousins.","This year, both of their female cousins are getting hoverboards from me. 1 nephew gets a book about sharks and the other gets a basketball. 

EDIT - a small handful of people in here believe you deserve the gift of your dreams regardless of whether or not you've, ya know, done anything to earn it. ",18107,1279,85.0,558.0,55,48,299,-0.125
https://www.reddit.com/r/confession/comments/9ps7y9/after_13_years_clean_and_8_years_of_marriage_i/,1540021075.0,olrrtentr292,"After 13 years clean and 8 years of marriage, I did heroin 3 weeks ago and almost came close to fully relapsing.","I was a heroin addict in the lower east side of Manhattan in the 1990s as a teen. I got clean at 21 years old after years of abuse. I got married at 26 to my amazing and beautiful wife. She knows I was an addict. 

I spent all these years not even really thinking that much about the concept of relapsing. It had been *so long*. I still thought about it, but with marriage and my kids and everything the thought of it was just so ridiculously out of sight to even consider trying it again. 

3 weeks ago, it was my friends birthday. He is 4 years younger than me so of course he wants to go to some cool hip sketchy bar/club thing in bushwick. 

I got drunk, really drunk. I hadn't really drank much at all in the past few years so my tolerance was way lower than expected. There was a dealer outside and a few other junkies nearby. I don't even fully remember what happened, I just remember going with them, abandoning my friend at the bar (it was like 1am anyways), and going to some apartment and shooting up. I spent the night there, then all the way until noon the next day. I had 10 missed calls. 

I panicked when I came out of my daze. I told my wife I had gotten way too drunk and was puking and my phone was out of battery so I stayed at Charlies house. She was disappointed I didn't tell her but also thought it was funny because she used to tease me for not being able to handle my liquor. This was a ""I told you so"" moment, she had told me not to drink too much before I went to the bar. She wasn't even in new york, she was at a summer house with the kids in Massachusetts. 

I spent the next 4 days until they got back just... riddled with anxiety, urges to get more heroin, horrific mind zaps (I dont even know what to call them). It was, in some ways, worse than my withdrawal symptoms when I first was an addict. Not because of the physical feeling, but the horrible mental feeling of what I was possibly giving up, my wife and kids. I wanted to fucking get more so badly. I left my house to find heroin 4 fucking times. 4 times, I gave up to get more, but wasn't able to find any and snapped back to reality and went back home. I still thank FUCKING GOD I did not somehow run into some street dealer during those 4 times. I would have absolutely done it. 

I feel like everything I thought about myself, that I was strong, that my addiction was behind me, that I had beat heroin... it was all gone. I am not going to say I am back at square one or anything, I am not. But I feel like something inside of me has reset. My unwavering strength against addiction was broken at the slightest temptation. I still am weak. Heroin is so, so much stronger than me. Its truly unbelievable how much stronger it is than me. 

When I was young, my aunt had cancer. She beat it. Then it came back soon after, and she beat it again. It didn't come back, and we loved how strong she was for fighting her cancer and that she had overcome it. She lived with us. I remember her feeling of strength after her 2nd year of not having cancer, her 3rd year, her 6th year.... it finally felt like it was gone for good. Her thinking ""its finally behind me now, its a part of my past"", and then it just fucking came back. 9 years after her first diagnosis, it came back and killed her. I remember her feelings and how she felt about it. So many years after she thought it had gone away. 

That is how I feel. Like a cancer which I thought I got rid of a decade ago just showed back up on my screening. 

The first 5-6 days after I tried it that time outside the bar were the worst. My kids and wife have come back. The urges mostly went away the second I saw my kids. I hugged them so damn hard. 

And I never told my family what happened, nor will I ever. My wife never understood that side of me, she met me 5 whole years after I was clean. I just cannot have her know, ever. 

I won't do it again. I am planning on not drinking to excess like that again, except maybe in very specific situations like at the summer house where there is no option of drugs. I mean, not like I WANT to get drunk again like that, but just in case I ever want to get loose? I am never doing that in the city again. 

I am still about 90%+ sure that I won't ever touch heroin again. I am still positive in myself about it. Its just... it used to be 99% sure. That is what fucking terrifies me. 

I said heroin is stronger than me. It is absolutely stronger than me. But the reason I won't ever do it again is that it isn't stronger than my family, my wife and kids. I don't care about how good it feels, I will not subject my wife and children to me being an addict. I would rather just kill myself than that. ",17887,841,1.0,0.0,930,406,4683,0.0033590567681476818
https://www.reddit.com/r/confession/comments/9cptbm/8_years_ago_i_caused_a_ufo_panic/,1536013250.0,thatsboot3101,8 years ago I caused a UFO panic,"One college summer break 8 years ago my friends and I were bored. We remembered a demonstration from a high school science class of a ""Solar Balloon"". This was just a really thin black plastic bag you'd fill with air, seal, and then set out in the sun. The sun would heat the air in the black bag and the bag would become buoyant and float.  
  
We had the idea to find the cheapest/thinnest black plastic trash bags available and combine a bunch of them to make a huge balloon. We spent a few days driving around to Walmarts and dollar stores trying different brands to find the thinnest possible plastic bag and thinnest tape which would work the best. Finally we took a number of them, cut off the bottom ends, and taped them together into a huge balloon which we filled up with a leaf blower and then tied the end. After sitting out in the sun for a half hour or so we had done it!  
  
[This is a picture a friend had taken as it was just becoming buoyant.](https://imgur.com/1kMEbpm)
  
We had to mess around with how the tape was sealing the bags to use as little of it as possible as the weight of the tape added up and made the balloon harder to float.
   
[Shortly after this the balloon got away from us](https://imgur.com/eJipKfQ)  
[Further](https://imgur.com/a/rUOxWCh)  
  
This was dissapointing, but we made another one and got funny looks from cars driving by and were entertained for a bit. Shortly after that this new balloon met it's demise smacking into a tree and getting popped. Oh well, mission success.  
  
A few years later [I happened across this news article](https://www.nj.com/news/local/index.ssf/2010/05/look_up_in_the_sky_its_a_large.html). The balloon that got away had apparently blown a town over and caused a big UFO panic. People were calling 911, the police, and local radio stations about it. Our boredom unintentionally created a UFO panic in central NJ. I moved out of the area but when I get together with my friend we always bring this up and have a good laugh.  
  

EDIT: Wow didn't really think this would gain much traction. Also didn't expect any NJ Redditors to have seen this let alone the author of the article to show up. Glad everyone thinks this is funny but that being said please don't go out and do this on purpose. 

EDIT EDIT: Wow first gold ever.  Thanks",17490,441,185.0,1000.0,400,235,2317,0.09710535588442566
https://www.reddit.com/r/confession/comments/fcyfxr/i_kept_the_display_tablets_at_target_instead_of/,1583258090.0,luridfox,I kept the display tablets at Target instead of destroying them,"I was in charge of fixtures and displays. When we changed over the display tablets I had orders to destroy them. I took all 3 nice Samsung tablets home, wiped the demo software, and used them for myself/family. I also signed paperwork assuring that I disposed of them in the trash.",17357,623,262.0,899.0,51,40,281,0.19999999999999998
https://www.reddit.com/r/confession/comments/1hlbfrw/i_20m_have_been_hiding_tens_of_thousands_from_my/,1735038525.0,Unknown,I (20M) have been hiding tens of thousands from my parents for years,"At the start of high school, I was pretty broke as many high school kids are. To gain more freedom I worked hard to start my career as a 3D artist, and I was making a couple hundred every few weeks at best during most of high school.

Even with how little I made compared to how hard I worked; my mom and stepdad would pressure me to chip in for the groceries and mortgage payments. Keep in mind, we aren't poor or anything, we were middle class, and they just wanted more financial freedom for themselves so they can consistently go on luxury vacations.

I also have a few siblings (now in the higher years of high school) who they also do the bare minimum for, not bad enough to where it's child neglect but definitely not great parenting considering none of us could focus on our studies while having to work.

The creative industry is difficult and unforgiving, and I put blood sweat and tears into my work to get where I am at this age. I'm not going to let them pressure me into making any big contributions to their finances so that they can keep going on excessive vacationing sprees.

Only me and my girlfriend know how much I really make. I have been saving tens of thousands of dollars without anyone else around me knowing. One day they'll find out how much I have, but for now I will bide my time and take advantage of as little financial burden as possible. Once they do, I'll simply move out and be done with them.

EDIT: Thanks a lot for the advice and comments everyone! Just to clarify, I do of course take care of my own expenses and my siblings' (since I wouldn't want them to be overburdened like I was) - I am not pitching into the household bills because they don't deserve it. 

They are *very very* much fully capable of handling everything *comfortably* if they just *tone down their luxurious lifestyle* and I would just be reinforcing their irresponsible behavior by helping more.",17226,1777,1.0,0.0,351,227,1908,0.11514550264550268
https://www.reddit.com/r/confession/comments/adidj1/i_faked_my_resume_and_now_im_in_the_shit/,1546872779.0,throwaway1529069,I faked my resume and now I'm in the shit..........,"Throwaway account for obvious reasons. Since I started High School, my parents stopped checking in on my grades and their mentality was basically ""we don't care as long as you get into a good university"" and they've carried on this mentality to when I got into college and they didn't really checked on my grades and gave me free rein as long as I majored in the subjected they wanted and graduated on time with good grades. Well basically what happened was that I failed my first year and had to switch my major. I didn't tell them and they didn't ask so I thought as long as I got my shit together and not drop out I'll be fine. One day out of the blue last semester my dad asked me to write up a resume. I panicked and wrote up a resume but changed the GPA and major and made up some shit and thought I saved myself. Welp, this winter break my dad dropped it on me and told me he knows people in a big company, he gave them my resume and everything and wanted me to intern there. So I am fucked. They'll probably figure it out and let my dad know and I'll probably get disowned or something, and best case scenario they don't check and give me the job, and I have to live with the guilt that I got a job that I didn't deserve cause of nepotism, this shit is depressing as fuck and I'm typically an easy going guy but this whole ordeal is giving me anxiety like nothing else. I feel like an ass for failing and lying to my family about it and now I'm on the verge of being blown and I thought maybe making a post here will make me feel better but I honestly don't know.

Edit: wow this has blown up. In all my years of Reddit, the post that gets blown up is a confession post with a throwaway account.. talk about a wake up call. Anyways, I try to read all the comments I can. Some of you tell me to play it off and fake it till I make it, some of you tell me to come clean, some tell me to just disassociate from my family and do my own thing, it seems Reddit is just as conflicted as I am. I don't know what I'll do but I just want to say thank you to all that took the time to read and comment. I appreciate all the comments, even the harsh and brutally honest ones.",17037,1553,1.0,4.0,437,224,2171,0.11251515151515151
https://www.reddit.com/r/confession/comments/atmizg/i_snooped_on_the_ceos_email_account_and_got/,1550868020.0,InthrowSted,I snooped on the CEO's email account and got myself unfired,"A couple years out of college I worked as an analyst at a pretty small private equity firm. The CEO was one of the biggest assholes I've ever met. He was fairly young in his 40s, a multi millionare, and the type of guy driven solely by money with 0 business ethics. He'd do anything to get the upper hand in a deal regardless of who it screws over...contractors, employees...I even saw him seriously fuck over a long time family friend of his without any remorse.

Anyway, aside from my analyst role, as it was a really small business (only about 20 people in the office, and then a bunch of people working remote), I also happened to be one of the only semi technology-literate people in the company. So like many of my generation, I became the defacto ""Millenial Office Computer Guy"" too. Despite my lack of qualifications I got put in charge of handling pretty much anything minor tech related. Setting up servers....fixing laptop issues...answering ""How do I convert this to PDF"" questions...even basic network security. They thought I was some sort of computer genius...but really I was just mostly winging it, Googling pretty much everything.

But eventually I got legitimately pretty good at all the tech stuff. They gave me bigger tasks like planning all of the computer systems for their owned businesses, and supervising installs. I didn't get paid extra for any of this mind you.

After a couple years of serious bullshit working there, I was pretty worn out. I wasn't progressing. I hated working for captain douchebag...he treated everyone like shit. I was pulling 12-14+ hour days with no overtime or performance bonus. And they weren't paying me nearly what they should have. I also hated being ""the tech guy"" and was depressed as fuck basically living in a cubicle. So I decided I full on had enough of the 9-8 life working for assholes....and I would start my own consulting business working for myself.

However, instead of quitting right away, I figured it would be smart to first build up my client base on the side while I was still getting a steady paycheck. So thats what I did. I launched my company, and landed my first clients.

As the workload increased, I slowly started spending more and more time working on my side business while at my office job. At first I was pretty low key about it. But eventually, it was blatant. As it was a super small company....I was the only one who knew how to do a lot of important tasks and operate some key internal systems. It was easy for me to tell my boss a project was taking a whole week to complete, that I actually finished in 10 minutes.

Pretty soon I was spending 80% of my day working on my own stuff in the office. I'd even take calls for my side business clients at my desk. The rest of the time I was usually dicking around on Reddit or something. Of course, we had systems in place to monitor network activity. But I was the person in charge of monitoring it.

This continued for a while. As my own business ramped up, I cared less and less about the office job. And since I hated waking up early, I began rolling into work late. At first it was only 30 minutes or so. Then it progressed to an hour. When my boss didn't reprimand me...it became clear how much they needed me there. I took full advantage of this. Before long I was arriving around Noon, working for a couple hours, then heading home. 

My coworkers werent happy, but I helped them with all of their tech problems and they hated the company too, so they kept their mouths shut about it. My boss eventually said something to me about all it at one point, but I just came in on time the next few days and then went back to coming in whenever I wanted.

After more than 2 months of coming in 4-5 hours late, and working on my side business in full view of my asshole boss, I couldn't believe I wasn't fired yet. I deserved it and felt it was inevitable.

On a hunch, I decided to do a little investigative work. As I was the ""tech guy"", I also had full access to the company email server. So I logged into the CEO's personal email account, and searched for my name. Lo and behold, there was a recent email thread between him, my direct boss, and some other team members with my name in the subject line. Obviously I open it. They're discussing my recent performance issues...the last email in the chain basically said ""If nobody has any objections, I will be terminating him at the end of the week"". 2 days from then.

I wasn't surprised, but I decided there was no way I was going to let these assholes fire me. Although I didn't give a shit about that job, I didn't want to have a termination in my work history. I also wanted to keep getting paid for a while longer. Of course, I couldn't let him know I actually knew I was getting canned. So, I formulated a plan to perform a little inception reverse-psychology mind fuck on the CEO.

The next day, one day before they planned to fire me, I requested a meeting with him to ""discuss my current performance."". In that meeting I sat down, and he asked me what I wanted to talk about. So I told him (paraphrased): ""Look, I know I've been a shitty employee lately. I'm sure you've noticed. Correct me if I'm wrong, but I've been kind of getting the feeling you guys are planning to let me go soon."" When I said that the shocked look on his face was priceless...he must have thought I was psychic to work that out on my own the day before it was going to happen. I remember him just saying something like ‚Äúuhh"". I continued while he sat flabbergasted. ""So I'll be honest with you, My heart isn't in this job anymore. As you know, I'm an entrepreneur at heart...which I‚Äôm sure you can relate to. I want to start my own company. However, as you're aware, I have a lot of responsibilities here nobody else can do."" I then proceeded to list all of the things I did and projects I was working on. I could see it on his face when the realization sunk in of how screwed he'd be if I left suddenly.

""So here's what I propose. You don't fire me. I don't quit. I keep working here for a month, finish my current projects, and train whoever you want on everything I'm in charge of. After a month is up, I will continue to come in once per week until its complete. After that, if you still need me...you can pay me on an hourly project-by-project basis"".   

I intentionally mentioned the possibility of me quitting so he could feel like he ""won"" the negotiation, even though I technically had him by the balls. 

He paused to think for a minute, then said something along the lines of: ""Okay. You have a deal"".  

So, not only did I get myself unfired...I actually turned the company into a paying client. During that month, I continued doing pretty much whatever I wanted since I had an expiration date (while training my replacement as promised). After the month was up they hit me up regularly for remote task work . I charged them triple what I was earning while working there, and barely had to deal with the CEO.  my client base was big enough I dropped them for good.

...after all that, the CEO still calls me up for advice/questions nearly 3 years later. These days I just blow him off saying ""Sorry, I'm too busy"".

**Edit:** As it seems there‚Äôs some doubt that this actually happened (it did), figured I‚Äôd clarify a few points.

1) This was a very small company. The office had about 20 people in it, and several dozen more worked remote. If you‚Äôve never worked in a small office before, I can assure you it‚Äôs pretty normal for employees to wear many hats and take on random roles outside their initial scope. It‚Äôs also pretty normal for them to be severely lacking with network security and controlling passwords. 

2) I did not become some ‚Äúcomputer genius‚Äù and never claimed to be (tho my company of technology illiterate baby boomers sometimes thought of me that way). I had decent basic working knowledge coming into the job, and picked up more over the several years I was there. For anything complicated (like wiring, hardware installs, advanced networking tasks etc) we hired outside IT consultants. But I was the guy who would source them, hire them, supervise them and learn the systems they put in place. And I just handled more basic tasks myself . We‚Äôre also not talking about enterprise level security here either

3) my consulting business has nothing to do with private equity. Im not going to reveal exactly what I do for privacy sake since this blew up, but it‚Äôs in marketing. I didn‚Äôt steal any of my old company‚Äôs clients when I left and don‚Äôt compete with them**

4) yes, Im fully aware and admit I was an asshole, hence posting this in /r/confession. In fact I decided to start my own company because I hate working for other people without my own skin in the game. I‚Äôm not a great employee when I don‚Äôt care about what I‚Äôm doing. However, the guys running the company were pretty shitty people, and I did not feel that bad about it at the time. 
  
      The thing I did have reservations about was snooping on the emails. I do not condoned invading privacy like that. However, he‚Äôd freely given me the passwords (so I could help him set up his outlook, forwarding, etc), and I felt me getting fired was inevitably coming soon. ",16951,421,6.0,68.0,1690,750,9241,0.043924626380766746
https://www.reddit.com/r/confession/comments/1jhxtsl/i_broke_my_left_arm_on_purpose_and_it_did_the_job/,1742731793.0,WillingnessContent41,"I broke my left arm on purpose, and it did the job.","When I was 12, I broke my arm/wrist intentionally by falling on the stairs at school. I had been really dizzy and having a lot of headaches and I was fairly sure I needed glasses, but my mom wouldn't listen or take me to the eye doctor for some reason? I had broken my right wrist already so I knew what it felt like, and I knew if I was more severely injured they'd be forced to address the situation.

I knew I needed to do it at school when there were cameras and witnesses and no one could accuse my parents of anything sinister, so I waited for a day when I knew one of my teachers would let me leave mid-class to go to a different floor. 

I threw myself up the stairs, tore a bunch of cartilage in my elbow, shattered my growth plate in my wrist, and got an eye doctor appointment! I was already an injury prone kid (ADHD spacial awareness for the win, this did not get massively better unfortunately lmao), so no one questioned it.

I hated my glasses (think aggressively unsexy librarian) but I needed them and as much as I regret the lengths I went to, I'm glad I got them finally.

",16784,430,15.0,92.0,211,134,1093,0.13238095238095238
https://www.reddit.com/r/confession/comments/7aov19/i_give_my_3_year_old_son_counterfeit_fast_food/,1509772071.0,pru13,I give my 3 year old son counterfeit fast food,I save my sons Mc Donald's wrappers and happy meal boxes then reuse them by serving him microwave chicken nuggets and oven French fries in them. I even throw in ketchup packets and a little toy he'd forgotten he had to help sell the lie. He loves it. And I'm not sorry.,16775,699,277.0,999.0,52,48,269,0.05250000000000001
https://www.reddit.com/r/confession/comments/8w8bwb/i_just_told_someone_i_was_too_tired_from/,1530772692.0,AnUnchartedIsland,I just told someone I was too tired from day-drinking to hang out but it's actually because I had eight hotdogs today and I feel like I'm going to die.,,16779,290,189.0,1840.0,0,0,0,0.0
https://www.reddit.com/r/confession/comments/1jlwp29/i_work_at_a_bank_and_i_give_people_different/,1743173025.0,constellationmurder,"I work at a bank, and I give people different flavored lollipops on purpose.","Remember when you were a kid and your mom would drive through the bank, and you got lollipops? I know my brother and I always used to fight over the flavors, especially blue raspberry or cotton candy. And we hated root beer and butterscotch. 

If I have a parent come through my line and they‚Äôre particularly rude, I will give them two (or whatever amount) differently flavored lollipops. I *hope* their kids fight over them. I gave someone a root beer and blue raspberry combo the other day. I want to see the world burn. 

edit: i‚Äôm sorry to all the butterscotch and root beer lovers. you‚Äôre seen and you‚Äôre valid. i love you. (kids these days just don‚Äôt like them unfortunately).

thx for all the love. y‚Äôall are funny. ",16744,385,1.0,26.0,130,94,723,-0.09772727272727272
https://www.reddit.com/r/confession/comments/1hq0eij/i_purposely_made_a_girl_fail_a_test_in_elementary/,1735600396.0,TlosingCag,I purposely made a girl fail a test in elementary school. ,"I believe it was either 3rd or 4th grade. 

I kept noticing this girl would cheat off me and get the exact same score as me on every quiz or test. 

So I came up with a plan to make her fail a test. 

I purposely chose wrong  answers on a multiple choice test, making sure she could see what I put. 

I put a small dot on the answer I actually thought were correct. 

I then acted like I was done and waited for her to go turn her test in. 

I quickly erased all my answers and changed to the ones I had dotted earlier. 

She had came back to our table and I could tell she was horrified when she saw me doing what I was doing.

Long story short, she ended up failing the test and I got like an 80 something on it. 

I sort of rubbed it in too because I made sure to ask her how she did. 

I‚Äôve only told a few people this story. 

One person told me it was kinda psychopathic so I felt kinda bad. 

But I just thought I was teaching a lesson or whatever I guess. 

I‚Äôm pretty sure it worked at least a little, cause she stopped cheating off me. ",16596,407,33.0,699.0,214,138,1046,-0.016098484848484838
