Title,Link,Company,Location,Description,Level
"Software Engineer III, Infrastructure, Core",https://www.google.com/about/careers/applications/jobs/results/110690555461018310-software-engineer-iii-infrastructure-core?page=1,Google,"Bengaluru, Karnataka, India","Minimum qualifications: Bachelor’s degree or equivalent practical experience. 2 years of experience with software development in one or more programming languages, or 1 year of experience with an advanced degree.  2 years of experience with data structures or algorithms in either an academic or industry setting. Preferred qualifications: Master's degree or PhD in Computer Science or related technical fields. 2 years of experience building and developing infrastructure, distributed systems or networks, or experience with compute technologies, storage, or hardware architecture.  Experience developing accessible technologies.",Mid
"Program Manager II, Compliance and Risk Management, Telecommunications",https://www.google.com/about/careers/applications/jobs/results/115248530313880262-program-manager-ii-compliance-and-risk-management-telecommunications?page=1,Google,"Bengaluru, Karnataka, India","Minimum qualifications: Bachelor's degree or equivalent practical experience. 2 years of experience in program or project management. Experience with compliance and auditing i.e. risk assessment, protocols, risk management. Experience within the telecommunications industry, i.e., carrier, data center provider, Outside Plant (OSP)/Internet Service Provider (ISP). Preferred qualifications: 2 years of experience managing cross-functional or cross-team projects. Experience developing and managing tools, policies, procedures, and processes for establishing compliance oversight, responding to incidents of non-compliance. Knowledge of subsea cables, cable stations, and Telecommunications (Telco) infrastructure investments. Knowledge of physical and cyber security measures for telecommunications and methods for auditing the implementation.",Mid
MicroLED Display Product Engineer,https://www.google.com/about/careers/applications/jobs/results/75226763403109062-microled-display-product-engineer?page=1,Google,"Reston, VA, USA","Minimum qualifications: Bachelor’s degree in Electrical Engineering, Computer Engineering, Computer Science, Physics, or a specialized field (e.g., Optics, Sensors, Audio/DSP, etc.), or equivalent practical experience. 4 years of experience working in a technical environment, or 3 years of experience with an advanced degree. Preferred qualifications: 8 years of experience in a product engineering or product development role, for semiconductors or display components. Experience with analyzing product data, specifications, yields, requirements, and trade-offs. Experience with designing and implementing scalable solutions for production ramp-up. Familiarity with microLED device fabrication and characterization, and display technologies and product applications.",Mid
"Staff Systems Development Engineering Manager, Google Public Sector",https://www.google.com/about/careers/applications/jobs/results/112344964918059718-staff-systems-development-engineering-manager-google-public-sector?page=1,Google,"Reston, VA, USA","Minimum qualifications: Bachelor's degree in Computer Science or IT-related field, or equivalent practical experience. 8 years of experience with systems automation, design and implementation. 8 years of experience with technical infrastructure (e.g., deployment, maintenance, troubleshooting), and with reliability of technical infrastructure. 5 years of experience with managing technical work, driving engineering strategy and roadmap. 5 years of experience managing or leading a team. Active TS/SCI Clearance with Polygraph. Preferred qualifications: 8 years of experience working with vendors or customers. Experience with continuous configuration automation tools (e.g., Ansible, Puppet, Chef, SaltStack, etc).  Experience with cloud technologies, Google Cloud Platform (GCP) or other cloud hyperscaler. Knowledge of the Open Systems Interconnect (OSI) model and network protocols. Ability to learn and stay ahead of emerging technologies. Ability to work both independently and collaboratively, with excellent communication and people management skills.",Advanced
"Program Manager, Strategic Business Operations",https://www.google.com/about/careers/applications/jobs/results/96851973449360070-program-manager-strategic-business-operations?page=1,Google,"Fremont, CA, USA","Note: By applying to this position you will have an opportunity to share your preferred working location from the following: Sunnyvale, CA, USA; New York, NY, USA; San Francisco, CA, USA.Note: By applying to this position you will have an opportunity to share your preferred working location from the following: Sunnyvale, CA, USA; New York, NY, USA; San Francisco, CA, USA.Minimum qualifications: Bachelor's degree in a technical field, or equivalent practical experience. 5 years of experience in program management. 5 years of experience developing analyses to support decision-making within international energy markets, renewable energy, climate, or sustainability industries. Preferred qualifications: Experience in internal operations, with the ability to identify opportunities and implement solutions that enhance efficiency and productivity (e.g., developing tools and resources to streamline processes and optimize workflows). Excellent communication and presentation skills, including experience collaborating with and presenting to senior leadership. Adept at conveying complex information in a clear and compelling manner. Ability to develop analyses to support strategic decision-making in the energy/power industry.",Mid
"Senior Software Engineer, AI/ML GenAI, Google Cloud AI",https://www.google.com/about/careers/applications/jobs/results/93855920110346950-senior-software-engineer-aiml-genai-google-cloud-ai?page=1,Google,"Fremont, CA, USA","Note: By applying to this position you will have an opportunity to share your preferred working location from the following: Sunnyvale, CA, USA; Kirkland, WA, USA.Note: By applying to this position you will have an opportunity to share your preferred working location from the following: Sunnyvale, CA, USA; Kirkland, WA, USA.Minimum qualifications: Bachelor’s degree or equivalent practical experience. 5 years of experience with software development in one or more programming languages, and with data structures/algorithms. 3 years of experience testing, maintaining, or launching software products, and 1 year of experience with software design and architecture. 3 years of experience with state of the art GenAI techniques (e.g., LLMs, Multi-Modal, Large Vision Models) or with GenAI-related concepts (language modeling, computer vision). 3 years of experience with ML infrastructure (e.g., model deployment, model evaluation, optimization, data processing, debugging). Preferred qualifications: Master's degree or PhD in Computer Science or related technical field. 1 year of experience in a technical leadership role. Experience developing accessible technologies.",Mid
"Technical Account Manager, Google Cloud Consulting (English, Japanese/Korean)",https://www.google.com/about/careers/applications/jobs/results/137506713581298374-technical-account-manager-google-cloud-consulting-english-japanesekorean?page=1,Google,"Reston, VA, USA","Google welcomes people with disabilities. Note: By applying to this position you will have an opportunity to share your preferred working location from the following: Kuala Lumpur, Federal Territory of Kuala Lumpur, Malaysia; Taipei, Taiwan.Google welcomes people with disabilities.Note: By applying to this position you will have an opportunity to share your preferred working location from the following: Kuala Lumpur, Federal Territory of Kuala Lumpur, Malaysia; Taipei, Taiwan.Minimum qualifications: Bachelor’s degree in Computer Science, Engineering, a related technical field, or equivalent practical experience. 5 years of experience in a customer-facing role working with stakeholders, driving customer technical implementations or transformation programs. Experience supporting customers in cloud operations (e.g., launch or capacity planning, product release management), technical support, escalation management, or IT consulting. Ability to communicate in English and Japanese or Korean fluently to engage with customers in Japan or Korea. Preferred qualifications: Experience in application or workload migration to public cloud providers. Experience translating business requirements into technological solutions. Experience collaborating across business units internally and at large enterprises. Experience collaborating with channel partners, systems integrators, and third-party developers to deliver high-impact solutions. Understanding of one of the following: IT operations, database systems, networking, IT security, application development, service architecture, cloud-native application development, hosted services, storage systems, or content delivery networks. Excellent communication, presentation, problem-solving, and management skills.",Mid
"Senior Software Engineer, Core Data, Data Indexing",https://www.google.com/about/careers/applications/jobs/results/80639225673720518-senior-software-engineer-core-data-data-indexing?page=1,Google,"Reston, VA, USA","Minimum qualifications:   Bachelor's degree in Computer Science or related technical field, or equivalent practical experience.  5 years of experience with one or more general purpose programming languages including but not limited to: Java, C/C++, Python, Objective C, JavaScript, or Go. 4 years of experience with Distributed Processing, System Design, High Performance Computing. Preferred qualifications:  Experience in solving ambiguous problems. Experience in building distributed systems. Ability to design and complete projects independently.",Mid
"Software Engineer III, Google Cloud",https://www.google.com/about/careers/applications/jobs/results/74939955737961158-software-engineer-iii-google-cloud?page=1,Google,"Sunnyvale, CA, USA","Note: By applying to this position you will have an opportunity to share your preferred working location from the following: Bengaluru, Karnataka, India; Hyderabad, Telangana, India; Pune, Maharashtra, India.Note: By applying to this position you will have an opportunity to share your preferred working location from the following: Bengaluru, Karnataka, India; Hyderabad, Telangana, India; Pune, Maharashtra, India.Minimum qualifications: Bachelor’s degree or equivalent practical experience. 2 years of experience with software development in one or more programming languages, or 1 year of experience with an advanced degree.  2 years of experience with data structures or algorithms.  Preferred qualifications: Master's degree or PhD in Computer Science or related technical fields. Experience developing accessible technologies.",Mid
"Administrative Business Partner, Google Cloud, Enterprise Sales (English)",https://www.google.com/about/careers/applications/jobs/results/100815685755511494-administrative-business-partner-google-cloud-enterprise-sales-english?page=1,Google," New York, NY, USA","Please submit your resume in English - we can only consider applications submitted in this language. Only applications of candidates with Mexican citizenship will be evaluated for this role in compliance with the provisions of Article 7 of the Federal Labor Law. Please submit your resume in English - we can only consider applications submitted in this language.Only applications of candidates with Mexican citizenship will be evaluated for this role in compliance with the provisions of Article 7 of the Federal Labor Law.Minimum qualifications: 2 years of administrative experience in a high-technical or international environment working on core administrative tasks (e.g., travel management, expense reports, calendar management, facilities coordination, etc.). Ability to communicate in English fluently as this is a role that requires communication with US and Canada based partners in English. Preferred qualifications: 3 years of administrative experience supporting executive-level management in a corporate environment, and managing small-scale projects and events from pre-planning to execution.",Early
"Lead Staff Software Engineer, Generative AI, Chrome",https://www.google.com/about/careers/applications/jobs/results/87868259344229062-lead-staff-software-engineer-generative-ai-chrome?page=1,Google,"Sunnyvale, CA, USA","Minimum qualifications: Bachelor's degree or equivalent practical experience. 8 years of experience in software development. 5 years of experience testing, and launching software products. 5 years of experience with machine learning algorithms and tools (e.g. TensorFlow), or applied ML (e.g., deep learning, natural language processing). 5 years of experience in Python programming. 3 years of experience with software design and architecture. Preferred qualifications: Master’s degree or PhD in Engineering, Computer Science, or a related technical field. 3 years of experience in a technical leadership role leading project teams and setting technical direction. 3 years of experience working in a complex, matrixed organization involving cross-functional, or cross-business projects. Experience working on Android mobile ecosystem.  Experience with Generative AI and Large Language Models (LLMs).",Advanced
"Strategic Partnerships Development Manager, Messaging Infrastructure",https://www.google.com/about/careers/applications/jobs/results/96117324343321286-strategic-partnerships-development-manager-messaging-infrastructure?page=1,Google," New York, NY, USA","Minimum qualifications: Bachelor's degree in Technology, Engineering, Science, Economics, or equivalent practical experience. 10 years of experience with developing partnerships in the global telecommunications domain. 8 years of experience in managing telecom carrier partners and vendor relationships in product development with problem solving and data reporting including financial analysis. Preferred qualifications: Experience in project management and with cross-functional collaboration. Knowledge of the telecommunication industry, interconnection standards, trends and developments. Knowledge of communications technologies, products and services like messaging, wireless networks and communications platforms. (e.g., SS7, SMPP, RCS, SMS hubbing, gateway, A2P, P2A, 2FA, IMS, number portability, SS7, VPN, cloud or virtual numbers, short code and long code services, network API’s) Ability to manage and prioritise multiple assignments, driving projects to completion with minimal guidance and attention to detail.",Advanced
"Software Engineer III, Scaled Infrastructure",https://www.google.com/about/careers/applications/jobs/results/119527140277265094-software-engineer-iii-scaled-infrastructure?page=1,Google,"Sunnyvale, CA, USA","Minimum qualifications: Bachelor's degree or equivalent practical experience. 2 years of experience with software development in one or more programming languages, or 1 year of experience with an advanced degree in an industry setting. 2 years of experience with data structures or algorithms in either an academic or industry setting, and building software for data privacy or security (e.g., identity and access management). Experience with C++, infrastructure design, and Android app development. Preferred qualifications: Master's degree or PhD in Computer Science or related technical fields. 2 years of experience with performance, large scale systems data analysis, visualization tools, or debugging. Experience developing accessible technologies. Experience with Security Analysis, Program Analysis, Decompiler. Knowledge of code and system health, diagnosis and resolution, and software test engineering.",Mid
"Technical Sales Specialist III, Platform, Canada, Google Cloud",https://www.google.com/about/careers/applications/jobs/results/102481202132198086-technical-sales-specialist-iii-platform-canada-google-cloud?page=1,Google," Kirkland, WA, USA","Minimum qualifications: Bachelor's degree or equivalent practical experience. 10 years of experience with cloud native architecture in a customer-facing or support role. Experience with cloud developing, on-premise developing, virtualization, or containerization platforms. Experience engaging with, and presenting to, technical stakeholders and executive leaders. Preferred qualifications: Experience in migrating applications and services to cloud platforms. Experience with security concepts such as encryption, identity management, access control, attack vectors, and pen testing. Experience prospecting, building, and maintaining customer relationships from scratch, with excitement for building out Greenfield territories.",Advanced
"Software Engineer, gReach Program for People with Disabilities (장애인 채용)",https://www.google.com/about/careers/applications/jobs/results/96440754758394566-software-engineer-greach-program-for-people-with-disabilities?page=1,Google,"Sunnyvale, CA, USA","This role is exclusively for people who have/or are in the process of applying for a government-issued disability certificate. 해당 직무는 정부에서 발급한 장애인 증명서를 소지하고 있거나 신청할 자격이 있는 사람들만 지원 가능합니다.This role is exclusively for people who have/or are in the process of applying for a government-issued disability certificate. 해당 직무는 정부에서 발급한 장애인 증명서를 소지하고 있거나 신청할 자격이 있는 사람들만 지원 가능합니다.Minimum qualifications: Bachelor’s degree or equivalent practical experience. 1 year of experience with software development in one or more programming languages (e.g., Python, C, C++, Java, JavaScript). 1 year of experience with data structures or algorithms. Ability to communicate in English and Korean fluently to collaborate with cross-functional teams in APAC and support client relationship management in Korea. Preferred qualifications: Experience with full stack development, across back-end such as Java, Python, GO, or C++ codebases, and front-end experience including JavaScript or TypeScript, HTML, CSS or equivalent. Experience in leading complex technical projects with automotive industry partners or related industry partners.",Early
"Key Account Manager, Devices and Services (Fixed-Term Contract) (English, Portuguese)",https://www.google.com/about/careers/applications/jobs/results/90405320685167302-key-account-manager-devices-and-services-fixedterm-contract-english-portuguese?page=1,Google," Kirkland, WA, USA","Minimum qualifications: Bachelor's degree or equivalent practical experience. 4 years of experience in technology sales or working with customers in a sales role. 2 years of experience leading in the retail or Telecom space with Consumer Electronics goods. Ability to communicate in English and Portuguese fluently to support client relationship management in this region. Preferred qualifications: 3 years of experience in sales management, business development or partner management in a consumer electronics/hardware company. Experience working towards  business goals. Ability to interpret legal documents and work with lawyers to complete agreements. Ability to plan and manage at executive and operational level within a retail sales environment.",Mid
"Senior Staff Software Engineer, Data Analytics, Google Cloud",https://www.google.com/about/careers/applications/jobs/results/105648575106425542-senior-staff-software-engineer-data-analytics-google-cloud?page=1,Google,"Kuala Lumpur, Federal Territory of Kuala Lumpur, Malaysia","Note: By applying to this position you will have an opportunity to share your preferred working location from the following: Kirkland, WA, USA; San Francisco, CA, USA; Sunnyvale, CA, USA.Note: By applying to this position you will have an opportunity to share your preferred working location from the following: Kirkland, WA, USA; San Francisco, CA, USA; Sunnyvale, CA, USA.Minimum qualifications: Bachelor's degree or equivalent practical experience.  5 years of experience with design and architecture; and testing/launching software products.  3 years of experience with data analytics and problem solving. Experience with distributed systems and data analytics. Preferred qualifications: Master’s degree or PhD in Engineering, Computer Science, or a related technical field. 8 years of experience in software development, and with data structures/algorithms. 5 years of experience in a technical leadership role leading project teams and setting technical direction. 3 years of experience working in a complex, matrixed organization involving cross-functional, or cross-business projects.",Advanced
"Logistics Operations Manager, Server Operations",https://www.google.com/about/careers/applications/jobs/results/141131440224903878-logistics-operations-manager-server-operations?page=1,Google," Taipei, Taiwan","Minimum qualifications: Bachelor's degree in Business, Logistics, Operations, Engineering, a related field, or equivalent practical experience. 5 years of experience managing third-party logistics providers/vendors. 5 years of experience in logistics and operations management. Preferred qualifications: Experience managing operations in multiple locations simultaneously. Ability to be successful in operations management, problem-solving, third-party logistics vendor relationships, budget creation, and cost management.",Mid
"Senior Software Engineer, Chrome OS Identity",https://www.google.com/about/careers/applications/jobs/results/112707905274159814-senior-software-engineer-chrome-os-identity?page=1,Google,"Kuala Lumpur, Federal Territory of Kuala Lumpur, Malaysia","Minimum qualifications: Bachelor’s degree or equivalent practical experience. 5 years of experience with software development in one or more programming languages, and with data structures/algorithms. 3 years of experience testing, maintaining, or launching software products, and 1 year of experience with software design and architecture. 3 years of experience working with embedded operating systems. Experience with Large Language Models, NLP, or Generative AI. Preferred qualifications: Experience in designing and implementing user interfaces (UIs).",Mid
"Technical Program Manager, Data Governance and Regulatory Programs",https://www.google.com/about/careers/applications/jobs/results/134696916448355014-technical-program-manager-data-governance-and-regulatory-programs?page=1,Google," Taipei, Taiwan","Note: By applying to this position you will have an opportunity to share your preferred working location from the following: Mountain View, CA, USA; New York, NY, USA; Seattle, WA, USA; San Francisco, CA, USA.Note: By applying to this position you will have an opportunity to share your preferred working location from the following: Mountain View, CA, USA; New York, NY, USA; Seattle, WA, USA; San Francisco, CA, USA.Minimum qualifications: Bachelor's degree in a technical field, or equivalent practical experience.  8 years of experience in program management. Experience leading two cycles of different regulatory programs tied to data handling in a product setting. Experience in leading processes multiple stakeholder groups, in a product setting with enterprise and consumer customer groups. Preferred qualifications: 8 years of experience managing cross-functional or cross-team projects. Experience in implementing external controls frameworks. Experience with ETL scripts, Google-specific resources and tooling like dashboard, workflows, GoogleSQL. Experience with projects involving multiple Directors/Vice President-level stakeholders and leading scaled communications. Knowledge of Machine Learning.",Advanced
"Product Manager II, Chrome Autofill",https://www.google.com/about/careers/applications/jobs/results/92102969859678918-product-manager-ii-chrome-autofill?page=2,Google,"Warsaw, Poland","Minimum qualifications: Bachelor's degree or equivalent practical experience. 5 years of experience in product management or related technical role. 2 years of experience taking technical products from conception to launch. Preferred qualifications: Experience with consumer-facing products. Experience in product delivery with the ability to break down an ambiguous problem space into tangible short-term steps. Knowledge in web development with the understanding of web capabilities and threat models. Knowledge in cross-functional areas including engineering, user experience and user research. Ability to articulate product vision in your area, documenting both short-term plans and long-term strategy. Excellent communication, problem-solving, organizational and investigative skills with the ability to meld quantitative data, qualitative insights, work on projects spanning multiple teams and own product instincts.",Mid
"Technical Program Manager, Data Governance and Regulatory Programs",https://www.google.com/about/careers/applications/jobs/results/134696916448355014-technical-program-manager-data-governance-and-regulatory-programs?page=2,Google,"Warsaw, Poland","Note: By applying to this position you will have an opportunity to share your preferred working location from the following: Mountain View, CA, USA; New York, NY, USA; Seattle, WA, USA; San Francisco, CA, USA.Note: By applying to this position you will have an opportunity to share your preferred working location from the following: Mountain View, CA, USA; New York, NY, USA; Seattle, WA, USA; San Francisco, CA, USA.Minimum qualifications: Bachelor's degree in a technical field, or equivalent practical experience.  8 years of experience in program management. Experience leading two cycles of different regulatory programs tied to data handling in a product setting. Experience in leading processes multiple stakeholder groups, in a product setting with enterprise and consumer customer groups. Preferred qualifications: 8 years of experience managing cross-functional or cross-team projects. Experience in implementing external controls frameworks. Experience with ETL scripts, Google-specific resources and tooling like dashboard, workflows, GoogleSQL. Experience with projects involving multiple Directors/Vice President-level stakeholders and leading scaled communications. Knowledge of Machine Learning.",Advanced
"Software Developer II, Site Reliability Developer, Google Cloud",https://www.google.com/about/careers/applications/jobs/results/103424140139995846-software-developer-ii-site-reliability-developer-google-cloud?page=2,Google,"Mountain View, CA, USA","Note: By applying to this position you will have an opportunity to share your preferred working location from the following: Waterloo, ON, Canada; Sunnyvale, CA, USA; San Francisco, CA, USA.Note: By applying to this position you will have an opportunity to share your preferred working location from the following: Waterloo, ON, Canada; Sunnyvale, CA, USA; San Francisco, CA, USA.Minimum qualifications: Bachelor’s degree in Computer Science, a related field, or equivalent practical experience. Experience with data structures/algorithms and software development in one or more programming languages.  Preferred qualifications: Master's degree in Computer Science or Engineering.",Early
"Technical Program Manager, Platform Safety",https://www.google.com/about/careers/applications/jobs/results/76486490783130310-technical-program-manager-platform-safety?page=2,Google," New York, NY, USA","Minimum qualifications: Bachelor's degree in computer science or equivalent practical experience. 2 years of experience managing cross-functional or cross-team projects. Experience in managing external partners and vendors. Preferred qualifications: Bachelor’s degree in computer science, a related engineering field, or equivalent practical experience. Experience managing programs and cross-functional teams. Experience collaborating across functions and organizations to find commonality in technical roadmaps and team needs. Experience engaging with external security researchers and supporting the Vulnerability Rewards Program (VRP).",Mid
"Technical Writer, Cloud Security",https://www.google.com/about/careers/applications/jobs/results/108346868496245446-technical-writer-cloud-security?page=2,Google,"Mountain View, CA, USA","Note: By applying to this position you will have an opportunity to share your preferred working location from the following: Bengaluru, Karnataka, India; Pune, Maharashtra, India.Note: By applying to this position you will have an opportunity to share your preferred working location from the following: Bengaluru, Karnataka, India; Pune, Maharashtra, India.Minimum qualifications: Bachelor's degree in a relevant field, or equivalent practical experience. 4 years of experience creating content for technical audiences (e.g., developer documentation, Computer Science course material, or IT administration playbooks). Preferred qualifications: Experience in privacy and security engineering, especially encryption. Experience in writing for the web. Experience with HTML, CSS, and JavaScript. Ability to understand source code (e.g., Java and Python). Ability to work in a fluid  environment.",Mid
"Software Engineer III, Android,  Google Store",https://www.google.com/about/careers/applications/jobs/results/97648799085667014-software-engineer-iii-android-google-store?page=2,Google," New York, NY, USA","Minimum qualifications: Bachelor’s degree or equivalent practical experience.  2 years of experience with software development in one or more programming languages, or 1 year of experience with an advanced degree in an industry setting.  2 years of experience with data structures or algorithms in either an academic or industry setting, and with Android application development. Experience in Android, Kotlin, Java, Mobile App Development, API Design. Preferred qualifications: Master's degree or PhD in Computer Science or related technical field.  2 years of experience with performance, large-scale systems data analysis, visualization tools, or debugging. Experience developing accessible technologies.  Experience in code and system health, diagnosis and resolution, and software test engineering. Experience in backend e-commerce, internationalization, and localization.",Mid
"Senior Software Engineer, AI/ML GenAI, Google Cloud Applications AI",https://www.google.com/about/careers/applications/jobs/results/114458199423099590-senior-software-engineer-aiml-genai-google-cloud-applications-ai?page=2,Google,"Waterloo, ON, Canada","Note: By applying to this position you will have an opportunity to share your preferred working location from the following: Kirkland, WA, USA; Seattle, WA, USA.Note: By applying to this position you will have an opportunity to share your preferred working location from the following: Kirkland, WA, USA; Seattle, WA, USA.Minimum qualifications: Bachelor’s degree or equivalent practical experience. 5 years of experience with software development in one or more programming languages, and with data structures/algorithms. 3 years of experience testing, maintaining, or launching software products, and 1 year of experience with software design and architecture. 3 years of experience with state of the art GenAI techniques (e.g., LLMs, Multi-Modal, Large Vision Models) or with GenAI-related concepts (language modeling, computer vision). 3 years of experience with ML infrastructure (e.g., model deployment, model evaluation, optimization, data processing, debugging). Preferred qualifications: Master's degree or PhD in Computer Science or related technical field. 1 year of experience in a technical leadership role. Experience developing accessible technologies.",Mid
"ASIC Design For Testability Engineer, Silicon",https://www.google.com/about/careers/applications/jobs/results/107674548760912582-asic-design-for-testability-engineer-silicon?page=2,Google," Sunnyvale, CA, USA","Minimum qualifications: Bachelor's degree in Computer Science, Electronics or Electrical Engineering, or equivalent practical experience. 5 years of experience in ASIC design for test including complete silicon life cycle through DFT pattern bring-up on ATE and manufacturing. Experience with ATPG, Low Power designs, BIST, JTAG, IJTAG  tools and flow. Experience with DFT EDA tools (e.g., Tessent). Preferred qualifications: Experience with DFT for subsystems with multiple physical partitions. Experience with IJTAG ICL, PDL terminology, ICL extraction, ICL modeling with Siemens Tessent tool. Experience with Spyglass-DFT, and DFT Scan constraints, and evaluating STA paths. Experience in developing automated workflows using Python and Tcl. Experience in collaborating with Design, PD, and STA teams.",Mid
"Technical Solutions Engineer, AI/ML",https://www.google.com/about/careers/applications/jobs/results/81073385932497606-technical-solutions-engineer-aiml?page=2,Google,"Waterloo, ON, Canada","Please submit your resume in English - we can only consider applications submitted in this language. Only applications of candidates with Mexican citizenship will be evaluated for this role in compliance with the provisions of Article 7 of the Federal Labor Law. Please submit your resume in English - we can only consider applications submitted in this language.Only applications of candidates with Mexican citizenship will be evaluated for this role in compliance with the provisions of Article 7 of the Federal Labor Law.Minimum qualifications: Bachelor’s degree in Science, Technology, Engineering, Mathematics, or equivalent practical experience. 4 years of experience troubleshooting and advocating for customers' needs, and triaging technical issues (e.g., hardware, software, application, operational, process). 3 years of experience reading code in a general purpose coding language (e.g., Java, C, C++, Python, Shell, Go or JavaScript, etc.) or in system design. Ability to communicate in English fluently as this position requires client interactions. Preferred qualifications: 3 years of experience in technical consulting on supporting large enterprise customers with high service-level objective and service-level agreement requirements. Experience developing or training models using machine learning technologies (i.e., Tensorflow, Keras, PyTorch, etc.). Experience working with recommendation engines, data pipelines, or distributed machine learning. Experience with cloud computing (i.e., certifications, internships, coursework, etc.).",Mid
Associate Finance Analyst,https://www.google.com/about/careers/applications/jobs/results/107244429579821766-associate-finance-analyst?page=2,Google," Sunnyvale, CA, USA","Minimum qualifications:Bachelor's degree in Finance, Business Administration, Accounting, Mathematics, Economics, or equivalent practical experience. Experience with financial analysis, forecasting, or modeling.Preferred qualifications: Experience in data warehousing or reporting (e.g., SQL, SAP). Ability to form and leverage excellent relationships across functional areas and take initiative. Ability to communicate with executive business partners. Excellent problem-solving and modeling skills, combined with business judgment and strategic thinking. Excellent presentation and verbal/written communication skills.",Early
gTechs Ads Global Solutions and Platforms Engineer,https://www.google.com/about/careers/applications/jobs/results/133883038936244934-gtechs-ads-global-solutions-and-platforms-engineer?page=2,Google,"Bengaluru, Karnataka, India","Note: By applying to this position you will have an opportunity to share your preferred working location from the following: Hyderabad, Telangana, India; Bengaluru, Karnataka, India; Gurugram, Haryana, India.Note: By applying to this position you will have an opportunity to share your preferred working location from the following: Hyderabad, Telangana, India; Bengaluru, Karnataka, India; Gurugram, Haryana, India.Minimum qualifications:   Bachelor's degree in Computer Science or related technical field, or equivalent practical experience.  6 years of experience in full-stack software development and system design. 5 years of experience with web technologies such as HTML, CSS, JavaScript, and HTTP. Preferred qualifications: Experience in building platforms. Experience working with database technologies (e.g. SQL, NoSQL). Ability to handle multiple stakeholders and streams of work. Excellent coding skills in Java, Typescript, Angular, C++ etc. Excellent communication and project management skills.",Mid
"Storage Qualification Hardware Engineer, Google Cloud",https://www.google.com/about/careers/applications/jobs/results/73821534929461958-storage-qualification-hardware-engineer-google-cloud?page=2,Google,"Bengaluru, Karnataka, India","Google welcomes people with disabilities. Google welcomes people with disabilities.Minimum qualifications: Bachelor’s degree in Electrical Engineering, Computer Engineering, Physics, a related field, or equivalent practical experience. 1 year of experience working in storage and server system technical environments, or with an advanced degree. Preferred qualifications: Master’s degree in Electrical Engineering, Computer Engineering, or a related field. Experience in collecting and organizing information for reproducing failures, explaining root causes and verify solutions. Knowledge of storage and server systems, including their physical, functional, mechanical and electrical aspects. Understanding of the Linux operating system, shell scripting, and Python. Ability to characterize storage product quality over a large scale and use data analysis skills to enable quick and precise failure analysis. Excellent communication skills, and the ability to follow through on assigned tasks.",Early
"Field Sales Manager, Commercial and Digital Natives (Arabic)",https://www.google.com/about/careers/applications/jobs/results/112419719142613702-field-sales-manager-commercial-and-digital-natives-arabic?page=2,Google,"Bengaluru, Karnataka, India","Minimum qualifications: Bachelor's degree or equivalent practical experience. 10 years of experience with quota-carrying cloud or software business, or account management at a Business-to-Business (B2B) software company. Experience in people management, team lead, mentorship, or coaching. Ability to communicate in Arabic fluently to support client relationship management in this region. Preferred qualifications: Experience in managing and leading a team. Experience in working with cross-functional internal teams (e.g., Business Development, Customer Engineers, Partner Business) and external partners in implementation projects and negotiations. Experience in working with the Commercial Sector or Digital Native organizations, with understanding their tests and aligning technology solutions to drive business outcomes. Ability to manage business and commercial models with leading organizational transformations and delivering on results.",Advanced
Data Center Maintenance Planner Program Manager,https://www.google.com/about/careers/applications/jobs/results/81005836297478854-data-center-maintenance-planner-program-manager?page=2,Google," Pune, Maharashtra, India","Minimum qualifications: Bachelor's degree in a technical field or equivalent practical experience. 1 year of program management experience. Experience in planning and scheduling of mission critical facility maintenance activities. Experience with third-party CMMS programs. Experience in developing long-term maintenance plans and forecasts. Preferred qualifications: Experience in managing and scheduling maintenance vendors. Experience in planning and scheduling of maintenance activities, mechanical, electrical, controls, with excellent communication skills. Ability to interact with internal customers and external parties, and resolve issues efficiently. Excellent collaboration and problem-solving skills with the ability to develop long term tactical maintenance plans and forecasts.",Early
Video Specialist,https://www.google.com/about/careers/applications/jobs/results/112457986714018502-video-specialist?page=2,Google,"Bengaluru, Karnataka, India","Note: By applying to this position you will have an opportunity to share your preferred working location from the following: Hyderabad, Telangana, India; Gurugram, Haryana, India.Note: By applying to this position you will have an opportunity to share your preferred working location from the following: Hyderabad, Telangana, India; Gurugram, Haryana, India.Minimum qualifications: Bachelor's degree or equivalent practical experience. 2 years of experience working with digital media or digital marketing/advertising solutions, implementing and measuring campaigns and providing client solutions. Preferred qualifications: 3 years of experience in Internet products and technologies. Experience in data analysis, ability to interpret datasets, identify trends, and translate findings into compelling narratives, with a strong aptitude for quickly understanding technical concepts and knowing when to apply them. Knowledge of apps platforms and products, the performance advertising market, or online ads landscape. Ability to collaborate cross-functionally with multiple teams and stakeholders while building relationships. Effective project management skills with the ability to oversee multiple, simultaneous solutions, supported by internal teams. Strong business communication, negotiation, and influencing skills.",Early
"Software Engineer, Pixel Mobile Wireless",https://www.google.com/about/careers/applications/jobs/results/82720825865577158-software-engineer-pixel-mobile-wireless?page=2,Google," Pune, Maharashtra, India","Google welcomes people with disabilities.Google welcomes people with disabilities.Minimum qualifications: Bachelor’s degree or equivalent practical experience. 1 year of experience with software development in one or more programming languages (e.g., C, C++). 1 year of experience with data structures or algorithms. Preferred qualifications: Master's degree or PhD in Computer Science or related technical field. Experience coding  for C/C++ and Python. Knowledge of embedded system development, real-time operating systems (RTOS), Board Support Package and microcontrollers. Excellent problem-solving skills and knowledge of debug embedded software/hardware issues. Excellent communication skills and ability, and enthusiasm to learn.",Early
Product Solutions Consultant,https://www.google.com/about/careers/applications/jobs/results/83218389236884166-product-solutions-consultant?page=2,Google,"Bengaluru, Karnataka, India","Note: By applying to this position you will have an opportunity to share your preferred working location from the following: Hyderabad, Telangana, India; Gurgaon, Haryana, India.Note: By applying to this position you will have an opportunity to share your preferred working location from the following: Hyderabad, Telangana, India; Gurgaon, Haryana, India.Minimum qualifications: Bachelor’s degree or equivalent practical experience. 5 years of experience in a project/program management, consulting, or client-facing role Ability to work non-standard working hours in line with customer requirements. Preferred qualifications: MBA or Advanced degree in a Management, Business, or a related field. Experience with Google Ads or other online advertising solutions and the media landscape. Experience in account/campaign management roles, technical troubleshooting or customer support. Experience in business analysis to conduct analytics, develop dashboards, and make recommendations. Experience developing strategic perspectives on customer-focused solutions. Excellent communication and stakeholder management skills.",Mid
"Software Engineer III, AI/ML, Google Cloud AI",https://www.google.com/about/careers/applications/jobs/results/91920752869024454-software-engineer-iii-aiml-google-cloud-ai?page=2,Google,"Bengaluru, Karnataka, India","Note: By applying to this position you will have an opportunity to share your preferred working location from the following: Seattle, WA, USA; Sunnyvale, CA, USA; Mountain View, CA, USA.Note: By applying to this position you will have an opportunity to share your preferred working location from the following: Seattle, WA, USA; Sunnyvale, CA, USA; Mountain View, CA, USA.Minimum qualifications: Bachelor’s degree or equivalent practical experience. 2 years of experience with software development in one or more programming languages, or 1 year of experience with an advanced degree. 2 years of experience with data structures or algorithms. 1 year of experience with one or more of the following: Speech/audio (e.g., technology duplicating and responding to the human voice), reinforcement learning (e.g., sequential decision making), ML infrastructure, or specialization in another ML field. 1 year of experience with ML infrastructure (e.g., model deployment, model evaluation, optimization, data processing, debugging). Preferred qualifications: Master's degree or PhD in Computer Science or related technical fields. Experience developing accessible technologies.",Mid
"Technical Program Manager, Process and Data Products",https://www.google.com/about/careers/applications/jobs/results/138783849487180486-technical-program-manager-process-and-data-products?page=2,Google,"Kirkland, WA, USA","Minimum qualifications: Bachelor's degree in Statistics, Supply Chain, or equivalent practical experience. 2 years of experience managing projects. Experience in Supply Chain analysis and Data Insights, Data Analytics, and Program Management. Preferred qualifications: Master’s degree or PhD in engineering, statistics, supply chain, or equivalent practical experience. 2 years of experience managing cross-functional or cross-team projects. Experience in Supply Chain and Data Analytics.",Mid
"Technical Program Manager III, Manufacturing Test Development, Google Cloud",https://www.google.com/about/careers/applications/jobs/results/109087447022740166-technical-program-manager-iii-manufacturing-test-development-google-cloud?page=2,Google," Seattle, WA, USA","Minimum qualifications:Bachelor's degree in a technical field, or equivalent practical experience. 5 years of experience in program management.Experience in test development (e.g., design validation, hardware/manufacture/product/performance/quality testing).Experience in New Product Introduction (NPI) and manufacturing. Preferred qualifications:5 years of experience managing cross-functional or cross-team projects.5 years of experience in New Product Introduction and manufacturing.Experience in implementing or leading complex, transformational projects resulting in improvement of test or manufacturing operations in the area of quality, cost, speed.Experience within a broad range of hardware and test technologies including high complex optical test and manufacturing.Experience working in hardware and software test development or automation.",Mid
"Technical Program Manager III, Manufacturing Test Development, Google Cloud",https://www.google.com/about/careers/applications/jobs/results/109087447022740166-technical-program-manager-iii-manufacturing-test-development-google-cloud?page=3,Google,"Sunnyvale, CA, USA","Minimum qualifications:Bachelor's degree in a technical field, or equivalent practical experience. 5 years of experience in program management.Experience in test development (e.g., design validation, hardware/manufacture/product/performance/quality testing).Experience in New Product Introduction (NPI) and manufacturing. Preferred qualifications:5 years of experience managing cross-functional or cross-team projects.5 years of experience in New Product Introduction and manufacturing.Experience in implementing or leading complex, transformational projects resulting in improvement of test or manufacturing operations in the area of quality, cost, speed.Experience within a broad range of hardware and test technologies including high complex optical test and manufacturing.Experience working in hardware and software test development or automation.",Mid
"Corporate Account Manager, Google Cloud",https://www.google.com/about/careers/applications/jobs/results/119911126996525766-corporate-account-manager-google-cloud?page=3,Google,"Sunnyvale, CA, USA","Google welcomes people with disabilities. Google welcomes people with disabilities.Minimum qualifications: Bachelor's degree or equivalent practical experience. 7 years of experience in sales in the technology industry with SaaS, PaaS or IaaS products and platforms. Experience engaging with accounts, selling a portfolio of products at C-level. Preferred qualifications: Experience with large, complex commercial and legal negotiations working with procurement, legal, and business teams.Experience promoting Google Cloud computing technologies to large and complex organizations across geographies.Ability to influence decisions at the executive level.Ability to collaborate effectively across organizational boundaries, build relationships, and import and export talent and ideas to achieve a broader organizational goal.Ability to present analyses and break down technical concepts into simple terms to present to technical, and non-technical audiences.Ability to communicate in French and English fluently in order to manage relationships with clients.",Mid
"Account Manager, LCS: France (English, French)",https://www.google.com/about/careers/applications/jobs/results/107099784476533446-account-manager-lcs-france-english-french?page=3,Google,"Paris, France","Minimum qualifications: Bachelor's degree or equivalent practical experience. 2 years of experience in advertising, consultative business, business development, online media environment, or marketing roles. 1 year of experience in customer relationship management and project management. Ability to communicate in English and French fluently to support client relationship management in this region. Preferred qualifications: Experience in assessing and achieving client success by business techniques, including effective questioning, objection handling and engaging promoting. Experience in leadership and high executive functioning within the digital marketing space. Knowledge of online marketing strategy and tactics with the knowledge in managing digital advertising campaigns with performance marketing. Ability to own a portfolio in an advertising or media business context. Ability to build narratives and storytelling as a client engagement strategy.",Early
"Product Manager I, Chrome OS Platform Enablement",https://www.google.com/about/careers/applications/jobs/results/136434847584264902-product-manager-i-chrome-os-platform-enablement?page=3,Google,"Paris, France","Google welcomes people with disabilities. Google welcomes people with disabilities.Minimum qualifications: Bachelor's degree in Electrical Engineering, Mechanical Engineering, Computer Science, a related technical field, or equivalent practical experience. 3 years of experience in product management of consumer electronic hardware products, or related technical role. 1 year of experience taking technical products from conception to launch. Preferred qualifications: 5 years of experience in product management with consumer or enterprise hardware, silicon development, or operating systems. Experience working with numerous external partners (e.g., manufacturers, suppliers, device brands, silicon vendors) to drive hardware product roadmaps. Experience with the Android Operating System. Experience in managing consumer electronics product planning and product management, across supply chain, product design, cost analysis, and go-to-market. Experience executing and landing multi-year projects. Experience navigating business situations and identifying short and long term solutions that benefit the business and ecosystem, including external partners.",Mid
"Software Engineer II, Google Batch",https://www.google.com/about/careers/applications/jobs/results/89435185770046150-software-engineer-ii-google-batch?page=3,Google,"Dublin, Ireland","Minimum qualifications: Bachelor’s degree or equivalent practical experience. 1 year of experience with software development in one or more programming languages (e.g., Python, C, C++, Java, JavaScript). 1 year of experience with data structures or algorithms. Preferred qualifications: Experience in internal infrastructure, developer tools or distributed computing infrastructure. Experience working on customer facing products/ Application Programming Interfaces (APIs). Experience with Goland, Java and C++.",Early
"Vendor Operations Manager, Global Vendor Operations, YouTube",https://www.google.com/about/careers/applications/jobs/results/124285513338102470-vendor-operations-manager-global-vendor-operations-youtube?page=3,YouTube,"Dublin, Ireland","Minimum qualifications: MBA or graduate degree in a management field with emphasis on business operations and strategy or equivalent practical experience.  5 years of experience in management consulting. Experience in vendor operations management (or overseeing vendor operations programs). Preferred qualifications: Experience in program management on cross-functional projects. Experience in dealing with ambiguity, achieving results in a environment and continually adapting to changing business needs. Experience developing and communicating strategy at executive level for decision making with clear recommendations using data based approach. Excellent written and verbal communication skills with the ability to communicate with multiple levels including the executive leadership team, peers and managers.",Mid
"Senior Database Engineer, Raxium",https://www.google.com/about/careers/applications/jobs/results/112024158023361222-senior-database-engineer-raxium?page=3,Google,"Taipei, Taiwan","Minimum qualifications:Bachelor's degree in Computer Science, Engineering, Mathematics, Statistics or equivalent practical experience.5 years of experience with Database administration in Oracle, SQL Server and PostgreSQL RDBMS.5 Years of Experience in developing application business logic using SQL, shell scripts and Python and Linux System Administration.5 years of experience in configuring storage (Nimble) for databases.Experience in RDBMS table design and writing SQL queries.Ability to work standard hours, including on-call support as required.Preferred qualifications: Certification in Database Administration. Experience in working with Vertica databases. Experience working in the semiconductor manufacturing facility. Experience developing reports and dashboards using Power BI.",Mid
Content and AI Compliance Manager,https://www.google.com/about/careers/applications/jobs/results/117815368444977862-content-and-ai-compliance-manager?page=3,Google,"Taipei, Taiwan","Note: By applying to this position you will have an opportunity to share your preferred working location from the following: Mountain View, CA, USA; New York, NY, USA; Washington D.C., DC, USA.Note: By applying to this position you will have an opportunity to share your preferred working location from the following: Mountain View, CA, USA; New York, NY, USA; Washington D.C., DC, USA.Minimum qualifications: Bachelor's degree or equivalent practical experience. 14 years of experience in compliance, risk management, investigation, auditing, legal, or consulting. 10 years of experience in a people management, supervision, or team leadership role. Preferred qualifications: Master's degree in a relevant field (e.g., law, business, compliance) or a recognized compliance certification. Experience in identifying potential risks and developing innovative solutions to ensure ongoing compliance and mitigate potential issues. Experience in bringing structure and clarity to complex and ambiguous situations. Experience in influencing decision-making at all levels with the excellent problem-solving skills. Knowledge of compliance program management principles, risk assessment methodologies, and internal control frameworks. Ability to collaborate with cross-functional teams, executive management, regulators, and external stakeholders.",Advanced
"Regulatory and Litigation Counsel, Privacy",https://www.google.com/about/careers/applications/jobs/results/117151682181112518-regulatory-and-litigation-counsel-privacy?page=3,Google,"Warsaw, Poland","Minimum qualifications: JD, LLB, equivalent degree, or equivalent practical experience. 7 years of experience with legal, regulatory and litigation matters, including addressing, minimizing, and avoiding regulatory risk. Experience in European privacy laws (e.g., General Data Protection Regulation (GDPR), ePrivacy), litigation and regulatory enforcement matters in UK/EU. Admitted to the bar in UK/EU and in good standing or otherwise authorized to practice law (e.g., have registered in-house status) in the state in which the position is located. Preferred qualifications: 10 years of experience with legal, regulatory, and litigation matters, including strategically addressing, minimizing and avoiding regulatory risk. Experience engaging with regulators, including EU Data Protection Authorities (DPAs), global data protection or consumer protection authorities. Experience working with public company boards and their counsel, including special committees and audit committees. Experience developing, evaluating, and maintaining programs that ensure products comply with laws, regulations, and external commitments. Excellent communication, time management, problem-solving, and investigative skills.",Advanced
"Strategic Risk Manager, Ads",https://www.google.com/about/careers/applications/jobs/results/139442081142579910-strategic-risk-manager-ads?page=3,Google,"Warsaw, Poland","Note: By applying to this position you will have an opportunity to share your preferred working location from the following: Austin, TX, USA; Seattle, WA, USA.Note: By applying to this position you will have an opportunity to share your preferred working location from the following: Austin, TX, USA; Seattle, WA, USA.Minimum qualifications: Bachelor's degree or equivalent practical experience. 7 years of experience in risk management, crisis management, or a related field. Experience in cross-functional collaboration and stakeholder management across multiple issues. Experience with managing escalations and crises, and working with front-line teams and executives at the same time. Preferred qualifications: Master's degree or PhD. Experience working with engineering and product teams to create tools, solutions, or automation to improve user safety. Experience working closely with policy teams. Familiarity with Google products, infrastructure, and types of online abuse. Ability to work across time zones, including weekend oncall work. Excellent communication and presentation skills (written and verbal) with the ability to influence cross-functionally at various levels.",Mid
"Senior Field Sales Representative, Retail, Google Cloud (Japanese)",https://www.google.com/about/careers/applications/jobs/results/97281583727157958-senior-field-sales-representative-retail-google-cloud-japanese?page=3,Google,"Dublin, Ireland","Google welcomes people with disabilities. Note: By applying to this position you will have an opportunity to share your preferred working location from the following: Tokyo, Japan; Osaka, Japan.Google welcomes people with disabilities.Note: By applying to this position you will have an opportunity to share your preferred working location from the following: Tokyo, Japan; Osaka, Japan.Minimum qualifications:  Bachelor's degree or equivalent practical experience. 10 years of experience in technology business or business development at a business-to-business (B2B) software company. Experience in developing Cloud or Information Technology (IT) solutions. Ability to communicate in Japanese fluently as this is a customer-facing role that requires interactions in Japanese with local stakeholders. Preferred qualifications: Experience promoting infrastructure software, databases, investigative tools, or applications software in the retail industry. Experience in working on commercial and legal agreements with Procurement, Legal, and Business teams.  Experience in managing partners in implementation projects, including global system integrators and packaged software vendors.",Advanced
"Human Resources Apprenticeship, September 2025 Start",https://www.google.com/about/careers/applications/jobs/results/77547348728652486-human-resources-apprenticeship-september-2025-start?page=3,Google,"Dublin, Ireland","Please complete your application before 30th April 2025 for the September 2025 start.  This apprenticeship is intended for students who have work authorization in France. Individuals applying for this position will not be eligible for immigration sponsorship. How to apply  STEP 1: Combine the following documents in a single PDF file:  English CV  English cover letter explaining your interest in applying to be an apprentice, the degree you will start in September 2025, the curriculum you plan to follow and your rhythm of apprenticeship between school and enterprise.  STEP 2: Apply online: Click on the “Apply” button on this page to provide the above required materials in the appropriate sections: In the “Resume Section:” upload the PDF document created at step 1.  Google welcomes people with disabilities. Please complete your application before 30th April 2025 for the September 2025 start.This apprenticeship is intended for students who have work authorization in France. Individuals applying for this position will not be eligible for immigration sponsorship.How to apply STEP 1: Combine the following documents in a single PDF file: English CV English cover letter explaining your interest in applying to be an apprentice, the degree you will start in September 2025, the curriculum you plan to follow and your rhythm of apprenticeship between school and enterprise.STEP 2: Apply online: Click on the “Apply” button on this page to provide the above required materials in the appropriate sections: In the “Resume Section:” upload the PDF document created at step 1.Google welcomes people with disabilities.Minimum qualifications: Enrolled in a 1-year Master 2 degree in Human Resource or closely related area for the 2025/2026 academic year. Admitted in the curriculum of a CFA (centre formation d'apprentis) and university or school. Ability to commit to a 12-month apprenticeship. Ability to communicate in English and French fluently to work with English and French speaking colleagues/clients. Preferred qualifications: Previous internship experience in Human Resources, Consulting, Customer Service, or a related field. Experience in project management or organizing events.",Mid
"Senior UX Researcher, Google Cloud Business Intelligence",https://www.google.com/about/careers/applications/jobs/results/118320528757793478-senior-ux-researcher-google-cloud-business-intelligence?page=3,Intern & Apprentice,"Fremont, CA, USA","Note: By applying to this position you will have an opportunity to share your preferred working location from the following: Hyderabad, Telangana, India; Bengaluru, Karnataka, India.Note: By applying to this position you will have an opportunity to share your preferred working location from the following: Hyderabad, Telangana, India; Bengaluru, Karnataka, India.Minimum qualifications: Bachelor’s degree or equivalent practical experience. 5 years of experience in an applied research setting, or similar.  Experience with research design utilizing various methods (e.g., usability studies, contextual inquiry, surveys, etc.).  Experience with product research, either in a usability or generative setting. Preferred qualifications: Master's or PhD degree in Human-Computer Interaction, Cognitive Science, Statistics, Psychology, Anthropology, or related field.  5 years of experience conducting UX research on products and working with executive leadership (e.g., Director level and above).  3 years of experience managing projects, and working in a changing organization. Experience in a variety of product spaces, applied research or academic settings. Experience in communicating user research findings with cross-functional partners to drive impact. Knowledge of different research methods, including when and how to apply them during the product development process.",Mid
"Customer Engineer II, Platform, Greenfield, Google Cloud",https://www.google.com/about/careers/applications/jobs/results/97177787789386438-customer-engineer-ii-platform-greenfield-google-cloud?page=3,Google,"Fremont, CA, USA","Minimum qualifications: Bachelor's degree or equivalent practical experience. 6 years of experience with cloud native architecture in a customer-facing or support role. Experience with cloud engineering, on-premise engineering, virtualization, or containerization platforms. Experience engaging with, and presenting to, technical stakeholders and executive leaders. Preferred qualifications: Experience in migrating applications and services to cloud platforms. Experience prospecting, and building and maintaining customer relationships from scratch, with excitement for building out Greenfield territories. Experience with security concepts such as encryption, identity management, access control, attack vectors, and pen testing.",Mid
"Agency Lead, Large Customer Sales (Spanish, English)",https://www.google.com/about/careers/applications/jobs/results/112153533930709702-agency-lead-large-customer-sales-spanish-english?page=3,Google,"Mountain View, CA, USA","Please submit your resume in English - we can only consider applications submitted in this language. Please submit your resume in English - we can only consider applications submitted in this language.Minimum qualifications: Bachelor's degree or equivalent practical experience.  5 years of industry experience in digital advertising, consultative sales, business development, or digital marketing, or 3 years of experience with an advanced degree. Ability to communicate in Spanish and English fluenty as this is a customer-facing role that requires interactions in with local stakeholders. Preferred qualifications: Experience building trusted-advisor relationships with C-level executives, managing multiple projects, business leads, and internal stakeholders. Experience in areas such as online ad sales, business-development, marketing or consulting sales. Ability to develop joint business plans in ambiguous environments, influence or collaborate across organizations, and drive business success for the customer and Google. Ability to prioritize and maintain appropriate focus on details where necessary, and complete a volume of quality work.",Advanced
"Head of Technical Integration, Google Public Sector",https://www.google.com/about/careers/applications/jobs/results/121527798270436038-head-of-technical-integration-google-public-sector?page=3,Google," New York, NY, USA","Must be a US Citizen to meet customer and compliance requirements, including potential access to classified information.Must be a US Citizen to meet customer and compliance requirements, including potential access to classified information.Minimum qualifications: Bachelor's degree in a technical field or equivalent practical experience. 8 years of experience in technical program management. 8 years of experience in technical delivery work. 8 years of experience managing a technical team, within or interfacing in a public sector customer-facing role. Preferred qualifications: Experience working in program/project manager roles within DoD, Federal government, or in a consulting organization. Experience in leading operational initiatives, and interacting with Business Leads, Engineers, or Product Managers. Excellent written/verbal communication and presentation skills, with the ability to interact with technical and non-technical groups. Excellent collaboration, executive communications, information gathering, decision making skills, and ability to influence others without authority. Active U.S. Government Secret or TS/SCI clearance.",Mid
"Database Engineer, Raxium",https://www.google.com/about/careers/applications/jobs/results/90751837841302214-database-engineer-raxium?page=3,Google,"Mountain View, CA, USA","Minimum qualifications:Bachelor's degree in Computer Science, Engineering, Mathematics, Statistics or equivalent practical experience.3 years of experience in designing, installation, and managing database products.3 years of experience in developing application business logic using SQL, shell scripts and Python.3 years of experience in developing reports and dashboards.Experience in Relational Database Management System (RDBMS) table design and writing SQL queries.Ability to work standard hours, including on-call support as required.Preferred qualifications: Experience in working with Vertica databases. Experience working in the semiconductor manufacturing facility. Experience developing reports and dashboards using Power BI.",Advanced
"Staff Software Engineer, Photos Processing and Serving, Google Photos",https://www.google.com/about/careers/applications/jobs/results/91525151266349766-staff-software-engineer-photos-processing-and-serving-google-photos?page=3,Google," New York, NY, USA","Minimum qualifications: Bachelor's degree or equivalent practical experience. 8 years of experience with software development in one or more programming languages (e.g., Python, C, C++, Java, JavaScript). 3 years of experience in a technical leadership role; overseeing projects. 2 years of experience in a people management, supervision/team leadership role. Preferred qualifications: Master's degree or PhD in Computer Science, or a related technical field. Experience with Large Language Model (LLM). Experience in building/maintaining highly scalable data processing infrastructure (e.g., PS1, Conduit, Kronos, etc.). Experience with production systems and privacy/security. Experience with establishing and maintaining relationships with customer teams.",Mid
"Platforms Regulatory Insights Analyst, Product Operations",https://www.google.com/about/careers/applications/jobs/results/78340940086813382-platforms-regulatory-insights-analyst-product-operations?page=3,Google,"London, UK","Minimum qualifications: Bachelor's degree or equivalent practical experience.  8 years of experience in management consulting, product management and strategy, or analytics in a technology company.  Experience working with and analyzing data, and managing multiple projects.  Experience with R, SQL, spreadsheets, or similar analytics tools. Preferred qualifications: Advanced degree or equivalent practical experience.  Experience working with product and engineering teams. Excellent written and verbal communication skills.",Advanced
